weather_temp_c,weather_humidity_pct,hive_sound_db,vibration_hz,timestamp,threat_type
32.48,70.26,67.37,271.44,1/1/2023 0:00,No_Threat
29.31,72.34,68.55,245.08,1/1/2023 1:00,No_Threat
33.24,74.52,62.93,232.42,1/1/2023 2:00,Wax_Moth
37.62,81.65,58.52,223.91,1/1/2023 3:00,Wax_Moth
28.83,71.15,66.54,240.01,1/1/2023 4:00,Wax_Moth
28.83,61.38,22.02,230.08,1/1/2023 5:00,No_Threat
37.9,75.09,70.23,168.5,1/1/2023 6:00,Environmental
33.84,93.5,61.89,222.3,1/1/2023 7:00,No_Threat
27.65,63.01,56.66,166.32,1/1/2023 8:00,No_Threat
32.71,50.38,90.7,224.05,1/1/2023 9:00,Wax_Moth
27.68,81.61,49.88,195.97,1/1/2023 10:00,No_Threat
27.67,63.19,53.95,346.97,1/1/2023 11:00,Wax_Moth
31.21,32.41,89.87,218.01,1/1/2023 12:00,Wax_Moth
20.43,77.71,47.52,149.79,1/1/2023 13:00,Wax_Moth
21.38,56.97,51.75,213.29,1/1/2023 14:00,Wax_Moth
27.19,63.64,57.79,245.97,1/1/2023 15:00,No_Threat
24.94,69.98,72.61,303.67,1/1/2023 16:00,No_Threat
31.57,67.86,63.12,190.53,1/1/2023 17:00,Predator
25.46,75.64,40.61,140.88,1/1/2023 18:00,Wax_Moth
22.94,58.47,52.02,260.84,1/1/2023 19:00,Wax_Moth
37.33,72.7,50.89,150.97,1/1/2023 20:00,No_Threat
28.87,61.11,58.84,198.19,1/1/2023 21:00,Wax_Moth
30.34,76.08,66.39,207.12,1/1/2023 22:00,Wax_Moth
22.88,74.23,66.27,216.52,1/1/2023 23:00,Wax_Moth
27.28,50.97,33.36,254.46,1/2/2023 0:00,Environmental
30.55,81.29,75.96,185.82,1/2/2023 1:00,No_Threat
24.25,56.96,63.79,206.31,1/2/2023 2:00,No_Threat
31.88,77.12,80.77,219.29,1/2/2023 3:00,Predator
27,70.51,66.66,227.48,1/2/2023 4:00,Predator
28.54,92.57,76.52,224.89,1/2/2023 5:00,No_Threat
26.99,61.65,67,241.8,1/2/2023 6:00,Wax_Moth
39.26,59.76,80.19,262.19,1/2/2023 7:00,No_Threat
29.93,64.71,67.83,239.63,1/2/2023 8:00,No_Threat
24.71,60.45,58.53,242.68,1/2/2023 9:00,No_Threat
34.11,77,94.09,140.89,1/2/2023 10:00,No_Threat
23.9,40.76,73.34,222.51,1/2/2023 11:00,Environmental
31.04,49.19,68.61,243.98,1/2/2023 12:00,Wax_Moth
20.2,48.98,40.86,256.45,1/2/2023 13:00,No_Threat
23.36,79.25,40.68,185.38,1/2/2023 14:00,No_Threat
30.98,90.66,64.39,187.05,1/2/2023 15:00,Predator
33.69,63.43,62.18,191.29,1/2/2023 16:00,No_Threat
30.86,62.47,50.79,246.82,1/2/2023 17:00,Environmental
29.42,66.05,62.11,271.69,1/2/2023 18:00,No_Threat
28.49,82.43,83.83,199.63,1/2/2023 19:00,Wax_Moth
22.61,51.09,70.43,265.4,1/2/2023 20:00,No_Threat
26.4,68.58,42.88,226.17,1/2/2023 21:00,No_Threat
27.7,79.63,58.33,213.79,1/2/2023 22:00,No_Threat
35.29,72.52,47.93,209.43,1/2/2023 23:00,No_Threat
31.72,67.84,54.18,257.33,1/3/2023 0:00,Wax_Moth
21.18,80.02,53.8,236.28,1/3/2023 1:00,Environmental
31.62,24.45,52.84,333.79,1/3/2023 2:00,No_Threat
28.07,75.17,41.17,177.39,1/3/2023 3:00,No_Threat
26.62,55.19,58.09,245.91,1/3/2023 4:00,Wax_Moth
33.06,37.54,51.59,193.54,1/3/2023 5:00,Environmental
35.15,72.67,20,176.54,1/3/2023 6:00,Predator
34.66,85.6,90.79,219.46,1/3/2023 7:00,Wax_Moth
25.8,62.94,76.33,226.87,1/3/2023 8:00,Wax_Moth
28.45,79.29,54.36,365.91,1/3/2023 9:00,Wax_Moth
31.66,89.18,60.28,210.79,1/3/2023 10:00,Predator
34.88,84.72,42.43,163.49,1/3/2023 11:00,Predator
27.6,89.6,85.44,233.65,1/3/2023 12:00,No_Threat
29.07,76.13,88.46,116.27,1/3/2023 13:00,No_Threat
24.47,66.13,62.35,215.4,1/3/2023 14:00,No_Threat
24.02,40.97,75.35,220.8,1/3/2023 15:00,Wax_Moth
34.06,61.31,62.63,259.73,1/3/2023 16:00,Environmental
36.78,52.35,39.95,268.68,1/3/2023 17:00,Wax_Moth
29.64,97.56,53.82,194.82,1/3/2023 18:00,No_Threat
35.02,62.36,61.98,212.47,1/3/2023 19:00,Environmental
31.81,66.85,53.18,181.69,1/3/2023 20:00,Predator
26.77,73.27,56.72,163.6,1/3/2023 21:00,No_Threat
31.81,65.65,58.63,235.49,1/3/2023 22:00,Environmental
37.69,90.43,58.79,156.32,1/3/2023 23:00,Wax_Moth
29.82,55.66,60.78,199.27,1/4/2023 0:00,Predator
37.82,67.92,44.09,170.24,1/4/2023 1:00,Predator
16.9,53.86,49.24,247.48,1/4/2023 2:00,Wax_Moth
34.11,45.2,40.73,310.07,1/4/2023 3:00,Environmental
30.44,55.82,74.67,154.92,1/4/2023 4:00,Predator
28.5,64.44,28.42,127.35,1/4/2023 5:00,Wax_Moth
30.46,58.56,77.3,213.76,1/4/2023 6:00,No_Threat
20.06,54.61,80.8,220.78,1/4/2023 7:00,Environmental
28.9,43.91,55.47,230.93,1/4/2023 8:00,No_Threat
31.79,63.75,20.95,197.68,1/4/2023 9:00,Wax_Moth
37.39,42.43,54.58,209.97,1/4/2023 10:00,Predator
27.41,76.4,59.04,238.38,1/4/2023 11:00,Environmental
25.96,66.24,44.84,272.02,1/4/2023 12:00,Wax_Moth
27.49,43.14,52.27,122.25,1/4/2023 13:00,No_Threat
34.58,60.36,82.95,201.55,1/4/2023 14:00,Wax_Moth
31.64,53.72,69.97,230.69,1/4/2023 15:00,No_Threat
27.35,69.79,46.13,174.1,1/4/2023 16:00,No_Threat
32.57,85.11,36.04,306.56,1/4/2023 17:00,Environmental
30.49,36.87,55.09,188.23,1/4/2023 18:00,No_Threat
34.84,66.73,56.8,217.94,1/4/2023 19:00,Wax_Moth
26.49,62.6,67.44,247.8,1/4/2023 20:00,Wax_Moth
28.36,75.07,51.97,190.44,1/4/2023 21:00,Predator
28.04,68.2,67.67,127.67,1/4/2023 22:00,Wax_Moth
22.68,53.72,89.03,198.57,1/4/2023 23:00,No_Threat
31.48,60.21,72.23,271.47,1/5/2023 0:00,No_Threat
31.31,53.06,59.28,203.16,1/5/2023 1:00,Wax_Moth
30.03,81.14,57.25,177.68,1/5/2023 2:00,Wax_Moth
28.83,65.32,54.65,266.28,1/5/2023 3:00,Wax_Moth
22.92,93.52,77.71,203.46,1/5/2023 4:00,Wax_Moth
27.9,64.09,50.59,194.49,1/5/2023 5:00,No_Threat
28.29,54.37,60.68,227.47,1/5/2023 6:00,Wax_Moth
25.99,42.29,60.77,258.54,1/5/2023 7:00,Wax_Moth
29.19,37.95,52.47,339.09,1/5/2023 8:00,No_Threat
32.02,41.24,39.41,261.36,1/5/2023 9:00,No_Threat
39.43,69.01,64.84,277.99,1/5/2023 10:00,No_Threat
30.87,72.63,59.08,194.7,1/5/2023 11:00,No_Threat
31.29,41.28,67.5,168.71,1/5/2023 12:00,Environmental
29.63,78.43,52,223.12,1/5/2023 13:00,No_Threat
20.41,57.75,78.31,225.36,1/5/2023 14:00,No_Threat
29.87,67.2,46.85,166.07,1/5/2023 15:00,No_Threat
30.3,89.18,85.68,211.24,1/5/2023 16:00,Predator
42.32,78.45,33.79,239.97,1/5/2023 17:00,Predator
29.04,60.97,66.52,238.02,1/5/2023 18:00,No_Threat
31.51,51.63,67.13,245.21,1/5/2023 19:00,No_Threat
29.83,32.72,48.07,234.55,1/5/2023 20:00,No_Threat
24.16,54.21,66.37,194.65,1/5/2023 21:00,Wax_Moth
35.71,61.83,79.19,194.3,1/5/2023 22:00,No_Threat
33.76,50.19,26.75,160.05,1/5/2023 23:00,Environmental
33.96,63.03,67.54,309.24,1/6/2023 0:00,Wax_Moth
25.45,66.15,22.6,220.67,1/6/2023 1:00,Predator
37.01,61.63,45.52,208.76,1/6/2023 2:00,No_Threat
22.99,55.25,84.44,173.56,1/6/2023 3:00,Predator
32.93,67.53,51.27,366.78,1/6/2023 4:00,Environmental
40.95,71.63,42.39,166.33,1/6/2023 5:00,No_Threat
25.05,48.64,57.03,198.56,1/6/2023 6:00,Wax_Moth
27.17,86.16,91.02,240.79,1/6/2023 7:00,No_Threat
30.5,63.52,32.52,250.01,1/6/2023 8:00,No_Threat
27.48,65.28,44.23,267.9,1/6/2023 9:00,No_Threat
22.25,75.62,82.46,310.38,1/6/2023 10:00,Wax_Moth
30.34,68.5,87.87,245.31,1/6/2023 11:00,Wax_Moth
24.69,79.3,58.45,167.2,1/6/2023 12:00,Predator
32.37,69.31,41.41,207.15,1/6/2023 13:00,No_Threat
25.4,55.81,91.44,235.39,1/6/2023 14:00,Predator
37.75,70.42,83.92,323.41,1/6/2023 15:00,No_Threat
26.08,47.84,70.18,150.11,1/6/2023 16:00,Environmental
28.39,66.63,47.81,280.13,1/6/2023 17:00,No_Threat
34.07,64.5,59.26,229,1/6/2023 18:00,No_Threat
23.85,61.88,57.59,261.89,1/6/2023 19:00,Predator
31.14,63.07,64.96,214.9,1/6/2023 20:00,No_Threat
36.54,36.77,81.77,177.88,1/6/2023 21:00,Environmental
21.96,56.77,73.19,257.54,1/6/2023 22:00,Wax_Moth
30.92,66.39,43.84,252.72,1/6/2023 23:00,Wax_Moth
31.3,67.4,80.65,268.6,1/7/2023 0:00,Wax_Moth
33.91,49.58,64.7,219.33,1/7/2023 1:00,Environmental
23.82,83.99,70.31,190.01,1/7/2023 2:00,No_Threat
23.4,52.01,82,142.06,1/7/2023 3:00,Environmental
32.61,79.54,43.33,260.97,1/7/2023 4:00,Predator
31.48,71.41,59.46,241.19,1/7/2023 5:00,No_Threat
31.25,55.31,52.03,171.71,1/7/2023 6:00,No_Threat
31.73,91.63,36.48,193.07,1/7/2023 7:00,Environmental
26.6,47.1,65.2,196.66,1/7/2023 8:00,Wax_Moth
31.16,78.79,97.67,145.85,1/7/2023 9:00,Wax_Moth
31.47,80.01,32.4,179.12,1/7/2023 10:00,No_Threat
26.43,54.94,59.52,163.31,1/7/2023 11:00,Wax_Moth
39.33,85.89,69.61,199.38,1/7/2023 12:00,No_Threat
32.37,61.25,61.85,183.07,1/7/2023 13:00,Wax_Moth
24.04,69.33,58.3,138.65,1/7/2023 14:00,Environmental
33.28,68.9,40.51,321.13,1/7/2023 15:00,No_Threat
25.13,62.99,63.49,282.63,1/7/2023 16:00,Wax_Moth
33.94,77.16,48.65,181.05,1/7/2023 17:00,Predator
35.79,76.9,27.15,233.62,1/7/2023 18:00,Environmental
25.9,38.77,77.92,240.87,1/7/2023 19:00,Predator
34.82,84.57,74.38,279.55,1/7/2023 20:00,Wax_Moth
32.06,40.06,60.77,179.07,1/7/2023 21:00,Environmental
34.11,80.49,63.44,274.61,1/7/2023 22:00,No_Threat
39.48,81.9,76.11,192.6,1/7/2023 23:00,No_Threat
28.77,48.64,63.37,153.21,1/8/2023 0:00,No_Threat
26.23,58.84,73.56,256.21,1/8/2023 1:00,Wax_Moth
25.55,48.41,55.54,284.54,1/8/2023 2:00,Predator
25.92,61.78,79.68,349.4,1/8/2023 3:00,No_Threat
29.61,60.38,64.81,160.01,1/8/2023 4:00,Environmental
31.71,76.69,62.91,254.95,1/8/2023 5:00,Environmental
31.38,84.65,40.95,199.51,1/8/2023 6:00,Wax_Moth
34.14,85.94,64.3,259.17,1/8/2023 7:00,Wax_Moth
30.07,56.57,47.52,146.48,1/8/2023 8:00,Wax_Moth
37.27,61.86,50.43,156.86,1/8/2023 9:00,No_Threat
28.68,39.75,47.77,181.21,1/8/2023 10:00,No_Threat
43.6,52.91,44.01,223.95,1/8/2023 11:00,Predator
33.13,79.47,91.87,187.95,1/8/2023 12:00,No_Threat
25.71,89.23,79.97,252.95,1/8/2023 13:00,No_Threat
24.65,46.48,88.81,271.34,1/8/2023 14:00,Predator
32.41,56.11,41.66,249.98,1/8/2023 15:00,No_Threat
28.88,64.6,61.07,300.94,1/8/2023 16:00,Environmental
33.57,69.2,40.6,240.79,1/8/2023 17:00,No_Threat
32.37,52.86,49.56,159.16,1/8/2023 18:00,Wax_Moth
29.64,71.36,46.23,288.17,1/8/2023 19:00,No_Threat
25.77,57.89,78.59,189.74,1/8/2023 20:00,No_Threat
22.43,64.78,54.06,265.52,1/8/2023 21:00,Wax_Moth
27.77,73.19,76.03,298.69,1/8/2023 22:00,Environmental
34.28,65.1,69.06,242.83,1/8/2023 23:00,Wax_Moth
31.07,58.45,94.55,145.19,1/9/2023 0:00,Predator
23.77,63.36,37.81,174.09,1/9/2023 1:00,No_Threat
30.87,63.67,78.89,286.14,1/9/2023 2:00,Wax_Moth
31.93,59.45,77.2,211.54,1/9/2023 3:00,Wax_Moth
25.58,61.12,45.4,223.98,1/9/2023 4:00,Predator
30.77,88.98,75.11,257.94,1/9/2023 5:00,No_Threat
30.29,73.41,65.04,254.82,1/9/2023 6:00,Wax_Moth
24.29,60.57,56.59,233.94,1/9/2023 7:00,Predator
31.79,75.45,47.64,209.57,1/9/2023 8:00,No_Threat
32.8,59.99,49.21,204.37,1/9/2023 9:00,Predator
35.42,82.6,90.75,262.89,1/9/2023 10:00,No_Threat
35.27,70.54,60.01,247.68,1/9/2023 11:00,Environmental
23.11,63.39,71.73,207.13,1/9/2023 12:00,Predator
25.31,71.72,48.14,274.11,1/9/2023 13:00,Environmental
32.58,41.44,48.3,213.55,1/9/2023 14:00,Wax_Moth
32.57,48.1,76.23,177.42,1/9/2023 15:00,No_Threat
32.58,47.09,39.76,182.05,1/9/2023 16:00,Predator
49.26,67.14,53.77,171.06,1/9/2023 17:00,Wax_Moth
32.85,90.99,60.51,206.38,1/9/2023 18:00,No_Threat
35.68,98.47,61.67,281.69,1/9/2023 19:00,Environmental
34.77,74.57,57.31,179.75,1/9/2023 20:00,Wax_Moth
33.26,72.51,65.94,229.42,1/9/2023 21:00,No_Threat
28.42,37.98,70.39,187.17,1/9/2023 22:00,No_Threat
33.79,56.86,71.02,206.98,1/9/2023 23:00,No_Threat
26.14,53.18,45.21,144.5,1/10/2023 0:00,Wax_Moth
28.82,55.69,55.74,208.97,1/10/2023 1:00,Environmental
27.57,62.48,77.92,210.31,1/10/2023 2:00,Wax_Moth
30.41,57.92,73.42,247.01,1/10/2023 3:00,Predator
41.57,35.31,39.41,231.16,1/10/2023 4:00,Predator
20.66,76.22,65.27,160.08,1/10/2023 5:00,Environmental
33.43,48.91,30.33,274.21,1/10/2023 6:00,No_Threat
21.94,68.59,60.7,230.52,1/10/2023 7:00,Environmental
27.64,96.11,88.47,229.92,1/10/2023 8:00,Wax_Moth
35.44,51.21,45.78,219.54,1/10/2023 9:00,Wax_Moth
30.32,27.05,47.49,194.11,1/10/2023 10:00,Environmental
24.61,60.71,71.46,230.89,1/10/2023 11:00,Wax_Moth
26.42,81.51,36.86,243.78,1/10/2023 12:00,Predator
33.4,94.38,50.51,132.66,1/10/2023 13:00,No_Threat
26.35,46.56,68.95,193.06,1/10/2023 14:00,Environmental
31.08,72.45,50.49,207.25,1/10/2023 15:00,No_Threat
30.23,58.02,56.46,232.81,1/10/2023 16:00,Predator
26.74,63.41,71.16,279.67,1/10/2023 17:00,No_Threat
40.72,100,66.32,181.41,1/10/2023 18:00,No_Threat
33.17,42.46,64,195.1,1/10/2023 19:00,No_Threat
19.87,68.81,54.91,194.37,1/10/2023 20:00,Wax_Moth
30.93,72.02,65.55,179.92,1/10/2023 21:00,No_Threat
26.69,81.29,58.14,202.64,1/10/2023 22:00,Wax_Moth
34.26,66.47,66.87,258.54,1/10/2023 23:00,Wax_Moth
26.04,69.62,52.55,167.31,1/11/2023 0:00,No_Threat
29.43,59.13,57.26,241.39,1/11/2023 1:00,No_Threat
32.52,69.04,45.15,134.9,1/11/2023 2:00,Predator
34.33,59.85,59.47,191.93,1/11/2023 3:00,Environmental
24,74.32,47.83,203.53,1/11/2023 4:00,Environmental
28.33,59.46,43.29,303.74,1/11/2023 5:00,Environmental
27.63,70.66,63.88,206.26,1/11/2023 6:00,No_Threat
26.73,64.56,63.19,109.94,1/11/2023 7:00,No_Threat
38.83,81.89,71.74,120.06,1/11/2023 8:00,No_Threat
32.02,64.23,53.53,221.7,1/11/2023 9:00,Predator
23.7,38.4,66.12,250.69,1/11/2023 10:00,Predator
34.59,83.93,68.26,238.77,1/11/2023 11:00,Wax_Moth
40.61,51.41,66.67,228.38,1/11/2023 12:00,No_Threat
35.16,55.19,47.62,278.11,1/11/2023 13:00,No_Threat
22.4,56.07,62.24,193.02,1/11/2023 14:00,No_Threat
27.58,85.62,65.46,264.75,1/11/2023 15:00,Wax_Moth
36.33,32.96,60.11,138.4,1/11/2023 16:00,No_Threat
26.46,100,28.7,174.75,1/11/2023 17:00,Predator
32.22,80.84,62.41,129.65,1/11/2023 18:00,Wax_Moth
33.87,68.35,93.19,206.26,1/11/2023 19:00,Predator
25.37,64.18,54.6,217.69,1/11/2023 20:00,Environmental
29.7,69.28,49.08,225.71,1/11/2023 21:00,Environmental
13.79,72.82,65.6,223.09,1/11/2023 22:00,Environmental
24.88,74.68,64.69,173.62,1/11/2023 23:00,Environmental
28.74,73.33,77.89,210.49,1/12/2023 0:00,Environmental
23.76,66.34,41.13,145.13,1/12/2023 1:00,Environmental
38.16,62.04,70.97,288.16,1/12/2023 2:00,Wax_Moth
22.85,62.73,68.86,204.82,1/12/2023 3:00,Predator
27.8,62.08,57.87,195.56,1/12/2023 4:00,Environmental
30.65,82.01,65.08,299.45,1/12/2023 5:00,Environmental
37.21,73.9,75.44,157.89,1/12/2023 6:00,Predator
22.82,20.89,73.08,163.72,1/12/2023 7:00,No_Threat
35.82,74.84,42.85,165.19,1/12/2023 8:00,No_Threat
30.05,67.92,72.3,216.61,1/12/2023 9:00,Wax_Moth
25.09,64.72,59.03,241.58,1/12/2023 10:00,Wax_Moth
32.31,59.17,61.09,256.98,1/12/2023 11:00,Predator
31,81.86,61.1,348.6,1/12/2023 12:00,Wax_Moth
27,79.21,57.75,107.53,1/12/2023 13:00,Wax_Moth
30.35,53.41,77.88,250.44,1/12/2023 14:00,Wax_Moth
28.07,71.11,58.74,192.14,1/12/2023 15:00,No_Threat
30.57,50.43,43.21,190.68,1/12/2023 16:00,Environmental
33.31,44.31,54.1,189.01,1/12/2023 17:00,Predator
37.93,55.6,62.68,174.56,1/12/2023 18:00,No_Threat
23.81,77.94,78.44,304.23,1/12/2023 19:00,Wax_Moth
40.67,79.3,69.05,262.11,1/12/2023 20:00,Wax_Moth
20.24,72.7,47.24,221.16,1/12/2023 21:00,No_Threat
29.24,75.88,97.28,287.55,1/12/2023 22:00,No_Threat
32.94,72.74,63.97,144.37,1/12/2023 23:00,Predator
31.4,55.38,79.13,153.46,1/13/2023 0:00,Wax_Moth
26.89,71.48,57.72,111.1,1/13/2023 1:00,No_Threat
28.96,77.01,68,185.03,1/13/2023 2:00,No_Threat
27.53,76.31,72.59,228.08,1/13/2023 3:00,Environmental
27.05,82.83,78.27,225.14,1/13/2023 4:00,Environmental
34.25,75.62,75.86,227.47,1/13/2023 5:00,Environmental
31.79,70.27,73.08,149.45,1/13/2023 6:00,No_Threat
26.54,81.05,55.27,260.16,1/13/2023 7:00,Predator
34.5,64.6,51.42,231.98,1/13/2023 8:00,Wax_Moth
31.54,51.77,64.99,256.65,1/13/2023 9:00,No_Threat
34.06,62.55,74,125.36,1/13/2023 10:00,Wax_Moth
33.15,53.83,56.66,235.57,1/13/2023 11:00,Wax_Moth
25.86,54.87,75.98,160.61,1/13/2023 12:00,Predator
27.2,62.83,81.79,200.13,1/13/2023 13:00,Predator
33.74,53.11,46.26,246.72,1/13/2023 14:00,No_Threat
33.05,60.38,47.45,224.55,1/13/2023 15:00,Predator
29.9,36.6,57.89,177.42,1/13/2023 16:00,Environmental
30.59,68.2,64.61,220.31,1/13/2023 17:00,Predator
36.39,65.02,52.13,143.42,1/13/2023 18:00,No_Threat
27.04,52.74,80.28,277.51,1/13/2023 19:00,Wax_Moth
32.74,74.89,66.36,209.74,1/13/2023 20:00,No_Threat
28.99,79.06,60.59,275.93,1/13/2023 21:00,Predator
28.91,40.89,38.46,193.67,1/13/2023 22:00,No_Threat
35.49,53.56,40.26,193.82,1/13/2023 23:00,Wax_Moth
34.13,53.46,64.22,181.79,1/14/2023 0:00,No_Threat
34.07,50.9,28.01,263.81,1/14/2023 1:00,No_Threat
36.53,77.44,75.19,184.53,1/14/2023 2:00,Environmental
30.11,62.09,57.63,252.23,1/14/2023 3:00,Predator
33.41,61.03,108.65,200.88,1/14/2023 4:00,Environmental
28.45,34.94,94.62,121.2,1/14/2023 5:00,Predator
31.62,74.53,57.28,191.48,1/14/2023 6:00,No_Threat
29.35,46.41,58.4,161.04,1/14/2023 7:00,Wax_Moth
30.48,65.9,74.93,221.7,1/14/2023 8:00,Wax_Moth
32.98,69.16,85.55,160.48,1/14/2023 9:00,No_Threat
25.91,85.41,35.43,266.3,1/14/2023 10:00,Wax_Moth
40.46,45.37,33.2,215.45,1/14/2023 11:00,Environmental
24.97,20,50.67,211.12,1/14/2023 12:00,Wax_Moth
23.93,67.76,68.74,252.79,1/14/2023 13:00,Environmental
35.79,92.01,67.45,268.2,1/14/2023 14:00,Wax_Moth
33.96,83.58,76.05,219,1/14/2023 15:00,No_Threat
33.12,68.14,42,181.44,1/14/2023 16:00,No_Threat
33.14,57.63,25.26,131.3,1/14/2023 17:00,Wax_Moth
29.94,77.11,72.87,185.7,1/14/2023 18:00,No_Threat
25.51,50.4,47.58,189.14,1/14/2023 19:00,No_Threat
30.38,72.15,29.72,225.35,1/14/2023 20:00,Wax_Moth
26.61,72.58,62.18,202.74,1/14/2023 21:00,Wax_Moth
34.88,80.9,71.9,254.4,1/14/2023 22:00,No_Threat
29.26,100,58.17,189.35,1/14/2023 23:00,Environmental
25.87,70.89,53.13,217.15,1/15/2023 0:00,Environmental
28.39,57.37,57.61,279.2,1/15/2023 1:00,No_Threat
32.06,64.62,54.44,237.09,1/15/2023 2:00,Environmental
27.18,38.46,39.78,217,1/15/2023 3:00,Environmental
25.89,54.58,49.28,189.9,1/15/2023 4:00,Environmental
31.22,58.86,67.82,188.34,1/15/2023 5:00,Wax_Moth
31.22,57.14,64.83,177.47,1/15/2023 6:00,No_Threat
27.47,67.29,62.52,192.95,1/15/2023 7:00,Environmental
27.64,52.66,45.07,257.78,1/15/2023 8:00,Wax_Moth
31.16,81.82,57.28,208.91,1/15/2023 9:00,Predator
22.76,65,27.34,152.51,1/15/2023 10:00,Predator
22.96,64.86,62.68,308.41,1/15/2023 11:00,Wax_Moth
26.41,60.08,81.43,236,1/15/2023 12:00,No_Threat
28.93,67.33,37.89,149.65,1/15/2023 13:00,No_Threat
31.55,77.38,51.21,197.91,1/15/2023 14:00,No_Threat
37.38,51.99,64.94,225.54,1/15/2023 15:00,Wax_Moth
34.29,55.13,78.79,305.23,1/15/2023 16:00,No_Threat
29.2,60.44,53.28,164.59,1/15/2023 17:00,Wax_Moth
29.9,44.81,49.62,268.8,1/15/2023 18:00,No_Threat
24.99,52.71,30.47,289.97,1/15/2023 19:00,Predator
29.91,57.86,61.55,188.57,1/15/2023 20:00,No_Threat
28.56,78.12,90.63,206.12,1/15/2023 21:00,Predator
31.61,68.94,64.16,168.18,1/15/2023 22:00,Predator
25.86,67.9,59.67,209.83,1/15/2023 23:00,Wax_Moth
32.6,77.76,64.83,218.17,1/16/2023 0:00,Environmental
37.66,62.94,59.83,252.98,1/16/2023 1:00,Wax_Moth
29.46,70.86,47.8,274.51,1/16/2023 2:00,Environmental
32.01,63.45,72.35,182.6,1/16/2023 3:00,No_Threat
33.45,68.98,63.39,121.63,1/16/2023 4:00,No_Threat
27.99,56.26,60.26,218.94,1/16/2023 5:00,Wax_Moth
31.12,28.42,45.37,234.68,1/16/2023 6:00,Wax_Moth
30.06,62.99,79.55,232.47,1/16/2023 7:00,Wax_Moth
30.49,86.34,69.97,203.67,1/16/2023 8:00,No_Threat
26.13,78.89,51.71,226.24,1/16/2023 9:00,Wax_Moth
30.12,79.48,75.03,295.77,1/16/2023 10:00,No_Threat
32.49,83.54,52.54,239.09,1/16/2023 11:00,No_Threat
37.26,66.33,48.27,201.33,1/16/2023 12:00,No_Threat
34.8,67.96,48.6,194.99,1/16/2023 13:00,No_Threat
40.77,55.74,33.43,211.51,1/16/2023 14:00,No_Threat
26.16,60.26,67.07,301.84,1/16/2023 15:00,Predator
34.36,74.24,32.53,210.83,1/16/2023 16:00,No_Threat
30.92,83.06,41.57,219.01,1/16/2023 17:00,Environmental
40.95,62.91,28.87,195.88,1/16/2023 18:00,No_Threat
25.96,58.25,58.71,274.95,1/16/2023 19:00,Predator
25.8,65.01,57.75,317.99,1/16/2023 20:00,Wax_Moth
27,74.02,55.1,242.53,1/16/2023 21:00,No_Threat
19.38,43.34,44.36,224.14,1/16/2023 22:00,Wax_Moth
27.37,30.56,42.42,221.84,1/16/2023 23:00,Wax_Moth
26.2,56.74,66.97,100.78,1/17/2023 0:00,Wax_Moth
30.75,46.69,51.74,257.26,1/17/2023 1:00,No_Threat
31.71,57.38,64.75,226.71,1/17/2023 2:00,Predator
39.38,62.78,46.72,241.42,1/17/2023 3:00,Wax_Moth
34.75,58.2,62.72,184.43,1/17/2023 4:00,No_Threat
27.12,86.79,79.55,200.78,1/17/2023 5:00,Environmental
25.51,69.9,68.79,199.45,1/17/2023 6:00,Wax_Moth
32.46,69.51,53.81,271.08,1/17/2023 7:00,Predator
23.4,74.33,63.86,201.06,1/17/2023 8:00,Wax_Moth
39.16,47.92,56.39,324.13,1/17/2023 9:00,Environmental
35.9,80.59,60.12,241.54,1/17/2023 10:00,No_Threat
27.65,63.86,55.12,156.22,1/17/2023 11:00,Predator
21.43,75.06,57.53,213.57,1/17/2023 12:00,Environmental
36.77,48.92,63.18,187.42,1/17/2023 13:00,No_Threat
29.43,41.69,45.1,110.28,1/17/2023 14:00,No_Threat
36.19,77.27,44.76,299.97,1/17/2023 15:00,No_Threat
22.03,70.65,39.17,255.16,1/17/2023 16:00,Predator
27,51.47,36,246.66,1/17/2023 17:00,No_Threat
30.03,51.96,41.74,228.27,1/17/2023 18:00,Wax_Moth
30.23,81.88,62.39,150.9,1/17/2023 19:00,No_Threat
27.75,47.16,46.61,195.82,1/17/2023 20:00,Wax_Moth
33.11,89.64,67.7,262.09,1/17/2023 21:00,Wax_Moth
24.66,51.49,60.52,167.44,1/17/2023 22:00,Predator
29.29,74.58,30.47,93.41,1/17/2023 23:00,Wax_Moth
30.6,60.07,69.82,208.64,1/18/2023 0:00,Predator
32.57,74.05,72.16,212.91,1/18/2023 1:00,Wax_Moth
33.56,56.84,45.09,226.78,1/18/2023 2:00,No_Threat
24.38,62.56,66.3,256.43,1/18/2023 3:00,No_Threat
22.33,65.61,47.15,251.88,1/18/2023 4:00,Wax_Moth
36.39,49.97,61.47,232.94,1/18/2023 5:00,Predator
31.66,76.11,41.03,279.78,1/18/2023 6:00,Predator
26.26,57.3,33.1,144.05,1/18/2023 7:00,No_Threat
37.76,61.57,54.26,245.23,1/18/2023 8:00,No_Threat
30.58,50.08,58.14,251.33,1/18/2023 9:00,No_Threat
35.9,26.56,54.03,158.02,1/18/2023 10:00,Predator
30.34,62.13,42.24,144.86,1/18/2023 11:00,Predator
40.3,100,54,182.7,1/18/2023 12:00,Environmental
38.78,76.77,64.04,186.92,1/18/2023 13:00,Wax_Moth
28.76,64.71,59.33,257.67,1/18/2023 14:00,Wax_Moth
34.86,61.06,62.74,189.27,1/18/2023 15:00,Wax_Moth
33.23,65.34,49.95,177.18,1/18/2023 16:00,No_Threat
36.84,73.21,77.58,189.42,1/18/2023 17:00,Wax_Moth
25.18,47.29,42.36,275.93,1/18/2023 18:00,No_Threat
33.43,81.71,67.31,220.65,1/18/2023 19:00,No_Threat
35.29,75.73,77.73,211.04,1/18/2023 20:00,Predator
21.21,75.77,67.21,214.5,1/18/2023 21:00,Environmental
24.08,71.58,56.96,284.6,1/18/2023 22:00,Wax_Moth
19.8,65.29,52.08,182.54,1/18/2023 23:00,Wax_Moth
28.65,75.09,75.54,285.78,1/19/2023 0:00,Wax_Moth
33.59,73.88,38.66,230.52,1/19/2023 1:00,Environmental
37.51,59.69,45.45,211.98,1/19/2023 2:00,Environmental
30.37,56.4,54.04,345.05,1/19/2023 3:00,Environmental
38.14,66.53,78.56,167.22,1/19/2023 4:00,Environmental
23.1,88.24,65.7,202.32,1/19/2023 5:00,No_Threat
21.48,46.41,45.48,158.38,1/19/2023 6:00,No_Threat
29.72,42.99,55.35,267.62,1/19/2023 7:00,Wax_Moth
31.92,67.47,50.79,304.46,1/19/2023 8:00,No_Threat
29.84,65.76,49.35,303.5,1/19/2023 9:00,Environmental
19.66,67.6,74.68,281.2,1/19/2023 10:00,No_Threat
29.55,68.66,39.42,210.12,1/19/2023 11:00,No_Threat
23.48,61.65,84.13,201.74,1/19/2023 12:00,Wax_Moth
33.35,87.35,72.42,136.44,1/19/2023 13:00,Predator
31.83,40.99,76.36,321.79,1/19/2023 14:00,No_Threat
25.3,52.57,53.06,243.45,1/19/2023 15:00,Environmental
27.43,63.45,57.75,195.4,1/19/2023 16:00,Wax_Moth
24.7,40.35,38.5,286.4,1/19/2023 17:00,No_Threat
29.69,62.36,52.13,171.36,1/19/2023 18:00,Wax_Moth
34.78,89.92,67.4,240.33,1/19/2023 19:00,Environmental
25.07,65.31,79.44,211.37,1/19/2023 20:00,Wax_Moth
32.52,68.46,43.39,251.93,1/19/2023 21:00,Predator
27.35,46.1,54.52,216.82,1/19/2023 22:00,No_Threat
26.04,55.75,57.73,147.45,1/19/2023 23:00,No_Threat
29.46,59.37,39.06,223.78,1/20/2023 0:00,Predator
24.82,60.23,68.87,272.44,1/20/2023 1:00,Wax_Moth
27.23,84.22,49.14,218.54,1/20/2023 2:00,Wax_Moth
24.01,73.37,57.07,258.76,1/20/2023 3:00,Environmental
39.82,48.33,53.22,167.72,1/20/2023 4:00,No_Threat
30.18,68.7,48.16,218.69,1/20/2023 5:00,Environmental
26.5,72.47,59.89,188.77,1/20/2023 6:00,No_Threat
31.07,82.1,56.77,257.35,1/20/2023 7:00,No_Threat
29.44,88.71,54.42,221.57,1/20/2023 8:00,No_Threat
28.9,49.77,49.07,254.5,1/20/2023 9:00,Predator
33.07,52.84,64.79,274.39,1/20/2023 10:00,No_Threat
33.79,46.14,84.8,254.58,1/20/2023 11:00,Environmental
27.35,61.49,62.1,233.66,1/20/2023 12:00,Predator
27.12,72,74.94,170.09,1/20/2023 13:00,Wax_Moth
28.62,79.81,39.15,219.86,1/20/2023 14:00,Wax_Moth
18.49,63.86,62.37,193.35,1/20/2023 15:00,Wax_Moth
22.42,60.2,43.54,202.8,1/20/2023 16:00,No_Threat
36.83,67.28,37.85,201.27,1/20/2023 17:00,Wax_Moth
38.22,52.47,48.91,171,1/20/2023 18:00,Environmental
28.75,96.34,77.88,122.13,1/20/2023 19:00,Predator
32.88,40.89,74.25,186.59,1/20/2023 20:00,Predator
31.56,67.77,63.65,229.67,1/20/2023 21:00,Predator
45.39,95.35,37.01,152.59,1/20/2023 22:00,Predator
35.6,65.1,57.06,220.78,1/20/2023 23:00,Wax_Moth
29.36,62.15,64.53,315.01,1/21/2023 0:00,Environmental
25.22,59.64,62.63,271.15,1/21/2023 1:00,Predator
21.97,62.29,32.34,302.18,1/21/2023 2:00,Wax_Moth
31.02,85.59,46.65,239.56,1/21/2023 3:00,Predator
26.22,31.82,59.04,278.38,1/21/2023 4:00,Wax_Moth
22.89,88,68.04,183.8,1/21/2023 5:00,Environmental
26.77,43.64,27.06,187.78,1/21/2023 6:00,Environmental
24.59,61,57.57,83.04,1/21/2023 7:00,Predator
38.44,58.56,62.15,279.31,1/21/2023 8:00,No_Threat
34.41,73.83,72.74,297.02,1/21/2023 9:00,Environmental
29.96,41.03,70.39,192.34,1/21/2023 10:00,Wax_Moth
37.4,71.93,68.74,207.3,1/21/2023 11:00,No_Threat
30.39,95.36,48,182.31,1/21/2023 12:00,Environmental
25.69,44.55,31.38,239.13,1/21/2023 13:00,Wax_Moth
37.62,67.85,54.1,276.25,1/21/2023 14:00,Environmental
32.69,55.07,75.02,132.86,1/21/2023 15:00,No_Threat
24.81,71.39,80.9,240.47,1/21/2023 16:00,Wax_Moth
29.05,65.29,70.66,206.17,1/21/2023 17:00,Environmental
25.62,55.38,66.44,225.67,1/21/2023 18:00,Wax_Moth
23.09,72.32,65.69,242.95,1/21/2023 19:00,No_Threat
34.63,92.07,51.66,210.59,1/21/2023 20:00,Predator
39.55,62.14,58.05,214.82,1/21/2023 21:00,Wax_Moth
23.01,75.8,85.04,209.31,1/21/2023 22:00,Environmental
32.81,45.6,45.86,268.52,1/21/2023 23:00,Wax_Moth
26.75,50.65,84.22,240.94,1/22/2023 0:00,Wax_Moth
27.56,72.09,55.17,231.03,1/22/2023 1:00,Wax_Moth
27.04,87.26,79.88,156.45,1/22/2023 2:00,Wax_Moth
25.68,70.33,38.9,201.07,1/22/2023 3:00,Wax_Moth
30.24,60.3,68.79,264.93,1/22/2023 4:00,Wax_Moth
25.85,64.99,48.95,221.88,1/22/2023 5:00,Wax_Moth
31.35,46.24,38.77,252.98,1/22/2023 6:00,No_Threat
29.75,74.07,63.28,308.33,1/22/2023 7:00,Wax_Moth
28.81,78.23,75.14,271.93,1/22/2023 8:00,No_Threat
25.46,58.22,47.33,224.66,1/22/2023 9:00,No_Threat
27.12,57.95,37.51,194.45,1/22/2023 10:00,Predator
33.78,68.99,58.62,92.32,1/22/2023 11:00,Environmental
32.5,58.45,58.69,211.58,1/22/2023 12:00,Environmental
25.11,64.01,68.22,203.7,1/22/2023 13:00,Wax_Moth
30.5,96.5,74.24,239.52,1/22/2023 14:00,Predator
33.76,61.29,59.11,212.3,1/22/2023 15:00,Environmental
21.65,59.62,87.83,203.98,1/22/2023 16:00,Environmental
32.72,55.29,63.36,131.03,1/22/2023 17:00,Wax_Moth
26.69,76.16,54.8,173,1/22/2023 18:00,Predator
32.85,62.28,35.83,243.83,1/22/2023 19:00,Predator
26.18,55.26,56.06,305.8,1/22/2023 20:00,Predator
20.98,84.82,54.95,215.12,1/22/2023 21:00,No_Threat
21.86,86.29,74.4,236.39,1/22/2023 22:00,No_Threat
30.24,55.99,66.94,267.62,1/22/2023 23:00,No_Threat
31.3,37,42.31,179.46,1/23/2023 0:00,No_Threat
25.48,80.11,62.58,238.34,1/23/2023 1:00,Predator
33.19,54.73,70.07,182.98,1/23/2023 2:00,No_Threat
21.69,76.86,82.92,263.24,1/23/2023 3:00,No_Threat
29.67,35.45,73.31,227.57,1/23/2023 4:00,No_Threat
23.94,78.39,71.41,234.92,1/23/2023 5:00,No_Threat
26.74,46.83,60.9,180.87,1/23/2023 6:00,No_Threat
30.24,75.96,65.82,255.35,1/23/2023 7:00,Environmental
25.7,65.21,78.74,324.24,1/23/2023 8:00,Wax_Moth
28.08,50.69,40.01,169.6,1/23/2023 9:00,No_Threat
35.03,58.89,54.76,203.01,1/23/2023 10:00,Wax_Moth
27.12,75.29,48.41,231.58,1/23/2023 11:00,Wax_Moth
34.18,66.59,65.69,259.32,1/23/2023 12:00,No_Threat
24.35,73.77,78.45,192.02,1/23/2023 13:00,Environmental
32.65,94.65,51.05,78.35,1/23/2023 14:00,Environmental
37.21,41.54,24.15,287.96,1/23/2023 15:00,Environmental
17.64,89.26,53.82,258.03,1/23/2023 16:00,Environmental
26.02,66.57,73.7,132.85,1/23/2023 17:00,No_Threat
32.89,51.52,68.06,189.62,1/23/2023 18:00,Predator
28.98,45.05,66.42,298.41,1/23/2023 19:00,Predator
31.86,62.16,55.8,292.39,1/23/2023 20:00,Predator
26.98,78.82,40.81,266.93,1/23/2023 21:00,No_Threat
30.43,63.09,67.73,211.19,1/23/2023 22:00,Predator
29.22,87.67,47.49,224.15,1/23/2023 23:00,Predator
35.84,43.23,92.76,213.45,1/24/2023 0:00,Predator
31.27,64.82,68.56,276.41,1/24/2023 1:00,No_Threat
31.69,46.21,51.29,176.21,1/24/2023 2:00,Environmental
27.94,70.45,50.83,179.71,1/24/2023 3:00,Predator
27.56,78.3,58.61,270.51,1/24/2023 4:00,Environmental
27.84,58.69,56.41,217.78,1/24/2023 5:00,Wax_Moth
31.97,25.94,76.75,288.92,1/24/2023 6:00,Predator
27.9,67.98,62.8,186.42,1/24/2023 7:00,Wax_Moth
31.45,71.55,49.03,217.26,1/24/2023 8:00,Wax_Moth
40.38,71.06,88.36,173.88,1/24/2023 9:00,Wax_Moth
34.36,83.54,60.74,220.37,1/24/2023 10:00,Predator
28.37,48.93,71.53,146.07,1/24/2023 11:00,No_Threat
36.01,75.2,50.88,195.62,1/24/2023 12:00,Wax_Moth
27.96,82.89,65.45,148.19,1/24/2023 13:00,Environmental
19.81,38.32,64.67,254.7,1/24/2023 14:00,Environmental
24.96,69.79,31.66,255.83,1/24/2023 15:00,Wax_Moth
20.65,57.44,90.23,133.49,1/24/2023 16:00,Predator
28.24,63.78,79.36,286.69,1/24/2023 17:00,Predator
30.09,70.22,54.04,344.87,1/24/2023 18:00,No_Threat
38.38,57.69,43.47,222.3,1/24/2023 19:00,Wax_Moth
31.63,54.86,65.21,187.94,1/24/2023 20:00,No_Threat
28.9,65.51,61.3,361.22,1/24/2023 21:00,No_Threat
34.15,48.69,65.34,154.05,1/24/2023 22:00,Wax_Moth
18.94,48.71,62.87,221.01,1/24/2023 23:00,Predator
31.18,75.19,67.59,228.98,1/25/2023 0:00,Predator
33.85,47.77,81.71,287.26,1/25/2023 1:00,No_Threat
22.61,74.99,68.52,237.99,1/25/2023 2:00,No_Threat
35.72,71.94,44.26,195.07,1/25/2023 3:00,Wax_Moth
31.69,39.11,80.44,172.44,1/25/2023 4:00,Wax_Moth
27.92,54.84,84.61,202.91,1/25/2023 5:00,No_Threat
33.16,82.91,107.28,169.65,1/25/2023 6:00,Predator
41.35,50.28,43.15,222.39,1/25/2023 7:00,Predator
30.91,58.03,63.64,191.79,1/25/2023 8:00,Wax_Moth
31.24,71.93,28.77,145.3,1/25/2023 9:00,Predator
27.7,76.75,68.3,282.76,1/25/2023 10:00,Wax_Moth
25.75,61.23,51.78,195.12,1/25/2023 11:00,Environmental
34.15,56.04,88.85,156.59,1/25/2023 12:00,Wax_Moth
25.72,86.34,48.38,211.59,1/25/2023 13:00,No_Threat
30.36,91.08,34.66,223.42,1/25/2023 14:00,Predator
27.61,79.68,52.93,132.68,1/25/2023 15:00,Wax_Moth
32.39,66.28,30.37,236.58,1/25/2023 16:00,Environmental
31.67,52.88,71.27,167.64,1/25/2023 17:00,Wax_Moth
35.19,52.54,29.02,305.55,1/25/2023 18:00,No_Threat
27.45,72.84,60.43,246.2,1/25/2023 19:00,No_Threat
28.65,71.28,28.83,200.01,1/25/2023 20:00,Wax_Moth
25.11,86.02,55.2,182.74,1/25/2023 21:00,Environmental
27.78,74.76,84.65,214.75,1/25/2023 22:00,No_Threat
31.89,42.45,65.41,250.64,1/25/2023 23:00,Environmental
33.78,80.78,47.05,218.73,1/26/2023 0:00,Environmental
25.39,50.03,59.53,209.14,1/26/2023 1:00,Environmental
34.35,59.24,60.27,222.92,1/26/2023 2:00,Wax_Moth
36.78,68.75,67.09,189.81,1/26/2023 3:00,Predator
32.07,94.94,39.5,202.84,1/26/2023 4:00,Wax_Moth
39.38,100,68.89,115.71,1/26/2023 5:00,Wax_Moth
26.13,74.1,20,268.69,1/26/2023 6:00,No_Threat
23.78,62.25,50.55,234.94,1/26/2023 7:00,No_Threat
21.11,73.02,52.68,181.33,1/26/2023 8:00,No_Threat
37.48,78.31,69.5,314.94,1/26/2023 9:00,Environmental
33.27,60.19,60.34,224.35,1/26/2023 10:00,No_Threat
29.72,91.93,38.92,168.19,1/26/2023 11:00,No_Threat
31.4,68.45,45.23,262.84,1/26/2023 12:00,Environmental
24.37,72.47,62.98,239.9,1/26/2023 13:00,No_Threat
42.23,74.99,58.81,239.73,1/26/2023 14:00,No_Threat
30.65,71.32,51.31,198.71,1/26/2023 15:00,No_Threat
30.55,77.58,52.79,242.52,1/26/2023 16:00,Environmental
33.63,55.74,70.44,206.91,1/26/2023 17:00,No_Threat
32.41,56.63,52.23,247.8,1/26/2023 18:00,Wax_Moth
31.12,48.5,58.68,124.75,1/26/2023 19:00,Wax_Moth
26.05,71.59,92.55,198.31,1/26/2023 20:00,Environmental
32.36,76.68,38.64,306.11,1/26/2023 21:00,Environmental
39.41,71.87,32.22,181.65,1/26/2023 22:00,Predator
36.73,90.12,71.75,189.81,1/26/2023 23:00,No_Threat
37.97,64.92,49.82,197.6,1/27/2023 0:00,No_Threat
27.44,75.03,55.23,159.26,1/27/2023 1:00,No_Threat
25.05,48.62,48.28,109.59,1/27/2023 2:00,No_Threat
29.37,59.19,56.1,208.47,1/27/2023 3:00,No_Threat
30.28,75.43,83.98,226.79,1/27/2023 4:00,No_Threat
35.47,77.74,72.03,217.37,1/27/2023 5:00,Wax_Moth
21.54,60.59,72.93,212.76,1/27/2023 6:00,Environmental
37.65,63.93,38.76,222.15,1/27/2023 7:00,Wax_Moth
29.21,42.23,42.73,271.14,1/27/2023 8:00,Environmental
27.87,59.64,20,210.48,1/27/2023 9:00,No_Threat
24.94,78.36,47.86,191.3,1/27/2023 10:00,No_Threat
21.73,73.63,74.35,205.94,1/27/2023 11:00,Wax_Moth
34.12,72.51,67.75,248.97,1/27/2023 12:00,No_Threat
30.37,65.75,56.68,290.6,1/27/2023 13:00,No_Threat
23.55,65.11,59.67,188.59,1/27/2023 14:00,Wax_Moth
23.52,55.1,49.67,224.95,1/27/2023 15:00,Predator
28.32,75.48,63.07,236.92,1/27/2023 16:00,Environmental
38.35,71.31,71.49,170.37,1/27/2023 17:00,No_Threat
28.7,72.38,35.76,221.02,1/27/2023 18:00,Predator
22.48,57.11,64.49,146.72,1/27/2023 19:00,Environmental
28.77,32.7,73.99,131.55,1/27/2023 20:00,Environmental
28.64,81.46,53.77,238.34,1/27/2023 21:00,Predator
16.52,57.82,70.51,200.81,1/27/2023 22:00,Wax_Moth
29.73,52.06,102.22,230.11,1/27/2023 23:00,No_Threat
28.85,75.4,58.43,219.11,1/28/2023 0:00,Wax_Moth
33.48,59.12,65.9,171.18,1/28/2023 1:00,Wax_Moth
39.24,80.9,48.93,217.74,1/28/2023 2:00,Wax_Moth
35.63,74.26,62.72,158.34,1/28/2023 3:00,Wax_Moth
28.66,75.25,66.9,289.55,1/28/2023 4:00,Predator
24.47,44.51,62.92,152.2,1/28/2023 5:00,Predator
42.87,83.18,44.7,210.21,1/28/2023 6:00,Predator
30.3,68.92,63.1,167.89,1/28/2023 7:00,Predator
30.07,59.46,81.93,248.52,1/28/2023 8:00,Predator
29.88,67.15,66.73,203.43,1/28/2023 9:00,No_Threat
30.99,38.36,74.43,194.07,1/28/2023 10:00,No_Threat
29.28,71.13,56.44,262.66,1/28/2023 11:00,Wax_Moth
27.13,49.56,71.25,221.47,1/28/2023 12:00,Predator
27.27,44.71,64.19,245.83,1/28/2023 13:00,Wax_Moth
29.84,42.16,45.74,170.93,1/28/2023 14:00,Environmental
27.28,81.69,64.78,149.76,1/28/2023 15:00,No_Threat
26.44,55.56,45.12,225.36,1/28/2023 16:00,No_Threat
30.53,88.01,50.51,204.06,1/28/2023 17:00,Environmental
28.73,56.96,62.84,251.32,1/28/2023 18:00,No_Threat
37.52,39.39,64.46,216,1/28/2023 19:00,Wax_Moth
16.75,48.25,42.16,230.25,1/28/2023 20:00,No_Threat
35.46,83.54,75.81,138.83,1/28/2023 21:00,No_Threat
36.23,62.66,68.58,314.42,1/28/2023 22:00,Environmental
19.63,56.78,49.43,211.79,1/28/2023 23:00,Wax_Moth
28.29,67.4,36.94,254.88,1/29/2023 0:00,Wax_Moth
28.14,72.53,57.83,178.2,1/29/2023 1:00,No_Threat
22.96,81.76,53.31,235.4,1/29/2023 2:00,Predator
26.11,86.73,61.7,154.86,1/29/2023 3:00,Wax_Moth
24.45,59.6,54.55,242.6,1/29/2023 4:00,Environmental
38.76,45.11,29.89,202.2,1/29/2023 5:00,Environmental
34.68,58.8,54.17,221.46,1/29/2023 6:00,No_Threat
36.36,68.9,55.42,254.9,1/29/2023 7:00,Predator
33.61,50.54,69.5,158.37,1/29/2023 8:00,Environmental
24.35,50.64,49.53,185.78,1/29/2023 9:00,Wax_Moth
27.38,70.16,85.18,242.87,1/29/2023 10:00,No_Threat
32.45,64.27,31.33,324.91,1/29/2023 11:00,Predator
23.89,65.49,79.67,213.1,1/29/2023 12:00,Environmental
33.56,53.62,56.64,249.56,1/29/2023 13:00,No_Threat
28.8,61.54,72.89,214.65,1/29/2023 14:00,No_Threat
28.13,51.14,61.2,317.11,1/29/2023 15:00,Predator
33.55,78.35,77.09,132.64,1/29/2023 16:00,Environmental
32.22,80.53,54.19,224.73,1/29/2023 17:00,Environmental
28.2,37.31,43.52,138.72,1/29/2023 18:00,Wax_Moth
35.8,51.06,81.31,94.67,1/29/2023 19:00,Environmental
24.59,42.55,58.3,234.87,1/29/2023 20:00,Wax_Moth
33.08,55.25,63.32,226.97,1/29/2023 21:00,No_Threat
32.97,63.75,78.52,205.76,1/29/2023 22:00,Environmental
28.45,43.26,44.52,214.69,1/29/2023 23:00,Predator
31.63,51.17,68.93,374.91,1/30/2023 0:00,No_Threat
23.74,49.94,51.15,207.09,1/30/2023 1:00,Wax_Moth
34.62,68.11,58.02,245.51,1/30/2023 2:00,Environmental
29.08,66.04,61.08,187.53,1/30/2023 3:00,Wax_Moth
27.39,54.17,37.5,234.76,1/30/2023 4:00,Predator
35.25,67.65,48.32,208.09,1/30/2023 5:00,Environmental
26.48,56.8,80.27,199.47,1/30/2023 6:00,No_Threat
22.96,60.93,73.29,310.94,1/30/2023 7:00,Predator
22.22,90.1,59.06,278.86,1/30/2023 8:00,Environmental
33.03,85.11,63.65,226.84,1/30/2023 9:00,Predator
23.6,45.51,55.59,104.79,1/30/2023 10:00,Environmental
38.77,77.45,80.35,201.95,1/30/2023 11:00,Predator
19.59,77.17,56.99,355.15,1/30/2023 12:00,No_Threat
38.48,47.78,63.48,208.47,1/30/2023 13:00,No_Threat
31.06,77.28,77.19,275.16,1/30/2023 14:00,Predator
29.52,88.07,48.34,292.1,1/30/2023 15:00,No_Threat
27.28,48.16,83.38,230.95,1/30/2023 16:00,No_Threat
32,51.24,37.04,177.91,1/30/2023 17:00,Environmental
29.81,80.26,84.44,98.23,1/30/2023 18:00,Predator
35.52,69.07,54.41,254.21,1/30/2023 19:00,No_Threat
30.57,73.27,56.36,179.26,1/30/2023 20:00,Predator
30.75,70.11,31.65,228.81,1/30/2023 21:00,Environmental
28.18,70.86,53.18,157.51,1/30/2023 22:00,Wax_Moth
29.72,45.1,44.4,206.74,1/30/2023 23:00,Predator
31.54,80.71,50.89,221.69,1/31/2023 0:00,Wax_Moth
21.45,82.54,57.94,233.43,1/31/2023 1:00,No_Threat
23.26,61.56,74.37,164.26,1/31/2023 2:00,No_Threat
33.72,64.35,63.11,279.85,1/31/2023 3:00,Wax_Moth
30.85,42.03,64.62,190.16,1/31/2023 4:00,Wax_Moth
29.08,72.71,43.57,136.28,1/31/2023 5:00,Predator
30.09,73.58,46.79,214.55,1/31/2023 6:00,Environmental
31.74,64.07,86.98,221.72,1/31/2023 7:00,Wax_Moth
27.3,81.87,48.97,228.03,1/31/2023 8:00,Environmental
26.11,59.99,84.84,288.11,1/31/2023 9:00,No_Threat
30.98,73.47,56.35,208.18,1/31/2023 10:00,No_Threat
25.11,49.71,60.03,214.02,1/31/2023 11:00,Predator
32.04,64.65,76.06,164.84,1/31/2023 12:00,No_Threat
21.49,62.38,79.08,261.03,1/31/2023 13:00,No_Threat
35.15,68.38,58.34,229.22,1/31/2023 14:00,Environmental
32.36,59.46,54.18,199,1/31/2023 15:00,Wax_Moth
31.28,63.03,59.16,124.77,1/31/2023 16:00,Predator
34.91,77.39,65.07,292.22,1/31/2023 17:00,No_Threat
38.33,58.45,73.37,158.62,1/31/2023 18:00,No_Threat
35.07,40.9,60.06,190.44,1/31/2023 19:00,No_Threat
20.8,91.24,69.28,237.92,1/31/2023 20:00,Wax_Moth
23.6,85.72,84.58,160.17,1/31/2023 21:00,Wax_Moth
26.88,45.62,65.72,145.32,1/31/2023 22:00,Wax_Moth
30.13,75.35,64.67,113.8,1/31/2023 23:00,Predator
32.59,57.46,37.22,256.05,2/1/2023 0:00,Predator
26.37,68.95,20.54,192.74,2/1/2023 1:00,No_Threat
30.93,69.41,65.83,366.36,2/1/2023 2:00,Wax_Moth
26.22,61.48,58.58,170.28,2/1/2023 3:00,Wax_Moth
26.94,53.24,52.28,173.93,2/1/2023 4:00,Predator
22.97,54.64,63.65,191.73,2/1/2023 5:00,Predator
25.38,51.26,59.09,232.16,2/1/2023 6:00,No_Threat
23.24,52.52,76.92,196.49,2/1/2023 7:00,Environmental
25.12,63.99,61.29,250.62,2/1/2023 8:00,Wax_Moth
35.27,54.26,48.8,171.07,2/1/2023 9:00,No_Threat
25.25,75.23,74.85,150.92,2/1/2023 10:00,No_Threat
43.16,87.31,56.74,130.09,2/1/2023 11:00,Wax_Moth
32.47,56.3,67.9,108.82,2/1/2023 12:00,Wax_Moth
30.92,68.59,52.84,194.1,2/1/2023 13:00,No_Threat
25.71,72.5,50.25,204.95,2/1/2023 14:00,Environmental
33.5,72.08,61.26,188.43,2/1/2023 15:00,No_Threat
27.12,66.14,60.19,282.17,2/1/2023 16:00,Wax_Moth
30.61,76.14,67.2,281.4,2/1/2023 17:00,No_Threat
42.8,72.23,55.97,203.26,2/1/2023 18:00,No_Threat
29.52,46.44,32.45,130.3,2/1/2023 19:00,Wax_Moth
35.75,78.04,53.51,191.66,2/1/2023 20:00,No_Threat
26.48,78.31,71.91,190.01,2/1/2023 21:00,Wax_Moth
29.83,53.55,55.54,187.14,2/1/2023 22:00,No_Threat
38.85,65.57,56.3,185.11,2/1/2023 23:00,Wax_Moth
26.87,75.25,74.8,187.33,2/2/2023 0:00,No_Threat
39.06,61.86,49.32,200.67,2/2/2023 1:00,Environmental
33.54,81.09,36.86,188.22,2/2/2023 2:00,Environmental
27.19,100,57.59,230.42,2/2/2023 3:00,No_Threat
33.16,53.21,52.74,238.02,2/2/2023 4:00,Wax_Moth
34.86,44.28,45.51,174.47,2/2/2023 5:00,No_Threat
33.11,69.56,57.37,283.55,2/2/2023 6:00,Wax_Moth
22.15,75.82,67.37,171,2/2/2023 7:00,No_Threat
26.36,61.54,59.86,139.11,2/2/2023 8:00,Wax_Moth
28.76,86.8,64.6,239.04,2/2/2023 9:00,Wax_Moth
29.63,44.92,87.2,179.13,2/2/2023 10:00,Predator
33.1,75.39,54.86,236.06,2/2/2023 11:00,Wax_Moth
30.89,55.91,64.18,99.82,2/2/2023 12:00,Wax_Moth
23.32,90.79,52.36,289.62,2/2/2023 13:00,Wax_Moth
31.9,94.89,47.3,253.61,2/2/2023 14:00,Predator
33.05,53.5,51.23,144.98,2/2/2023 15:00,Environmental
32.8,56.76,52.82,146.06,2/2/2023 16:00,No_Threat
35.4,77.89,65.39,303.61,2/2/2023 17:00,Predator
34.17,59.19,95.24,183.13,2/2/2023 18:00,Wax_Moth
32.3,64.32,49.26,178.29,2/2/2023 19:00,Predator
29.65,65.38,53.75,106.7,2/2/2023 20:00,Predator
21.7,36.2,59.05,202.46,2/2/2023 21:00,No_Threat
32.15,64.79,65.94,208.61,2/2/2023 22:00,Environmental
31.04,54.65,63.95,255.77,2/2/2023 23:00,No_Threat
31.36,57.6,79.26,150.05,2/3/2023 0:00,No_Threat
23.62,86.65,23.6,143.99,2/3/2023 1:00,No_Threat
24.59,46.15,24.2,242.55,2/3/2023 2:00,Environmental
35.27,77.2,52.56,270.34,2/3/2023 3:00,No_Threat
29.8,60.82,76.46,141.44,2/3/2023 4:00,No_Threat
33.41,60.8,36.52,274.08,2/3/2023 5:00,Environmental
30.14,76.86,20,221.88,2/3/2023 6:00,No_Threat
30.15,70.1,68.57,274.59,2/3/2023 7:00,No_Threat
34.69,73.56,63.65,216.49,2/3/2023 8:00,No_Threat
27.42,79.52,43.65,93.89,2/3/2023 9:00,Wax_Moth
30.48,60.03,45.22,212.4,2/3/2023 10:00,Wax_Moth
27.69,55.82,45.45,273.01,2/3/2023 11:00,No_Threat
27.83,48.72,61.66,175.31,2/3/2023 12:00,Predator
28.45,52.62,50.61,200.6,2/3/2023 13:00,Environmental
31.11,100,67.41,211.19,2/3/2023 14:00,No_Threat
27.61,83.67,20,75.02,2/3/2023 15:00,No_Threat
36.28,44.73,47.15,303.57,2/3/2023 16:00,Wax_Moth
25.53,45.16,43.11,174.93,2/3/2023 17:00,Environmental
29.07,72.23,56.15,245.29,2/3/2023 18:00,No_Threat
27.8,73.21,51.93,215.66,2/3/2023 19:00,No_Threat
37.23,73.23,71.97,282.88,2/3/2023 20:00,Predator
30.98,61.18,32.11,240.3,2/3/2023 21:00,No_Threat
35.16,63.12,60.68,208.25,2/3/2023 22:00,Wax_Moth
22.57,69.92,68.38,175.32,2/3/2023 23:00,Predator
31.34,66.29,87.85,259.89,2/4/2023 0:00,Environmental
34.45,31.71,52.77,126.33,2/4/2023 1:00,No_Threat
30.41,61.55,64.87,252.29,2/4/2023 2:00,Environmental
35.33,52.23,32.94,165.05,2/4/2023 3:00,No_Threat
27.41,67.63,24.12,282.61,2/4/2023 4:00,Environmental
37.05,100,72.67,228.06,2/4/2023 5:00,Wax_Moth
41.49,70.51,59.92,252.21,2/4/2023 6:00,Predator
28.19,60.3,77.68,224.1,2/4/2023 7:00,Predator
27.77,78.83,39.4,132.38,2/4/2023 8:00,Predator
37.27,72.24,67.8,176.96,2/4/2023 9:00,Predator
37.9,71.3,88.03,253.62,2/4/2023 10:00,Wax_Moth
27.39,74.1,66.3,228.33,2/4/2023 11:00,Wax_Moth
27.9,95.85,64.15,279.05,2/4/2023 12:00,Wax_Moth
28.59,48.04,60.13,240.16,2/4/2023 13:00,Environmental
23.28,72.1,36.44,171.66,2/4/2023 14:00,Predator
25.41,51.1,80.33,180.2,2/4/2023 15:00,No_Threat
24.98,73.33,50.84,225.15,2/4/2023 16:00,Predator
26.16,51.22,67.57,104.3,2/4/2023 17:00,Predator
29.83,58.74,36.55,303.67,2/4/2023 18:00,Predator
31.17,60.57,42.31,242.09,2/4/2023 19:00,Predator
37.75,79.64,81.53,281.35,2/4/2023 20:00,No_Threat
25.01,78.78,54.79,140.97,2/4/2023 21:00,No_Threat
34.92,46.31,81.8,282.23,2/4/2023 22:00,No_Threat
28.93,65.82,58.83,331.57,2/4/2023 23:00,No_Threat
29.75,54.36,32.37,153.96,2/5/2023 0:00,Environmental
33.37,46.12,73.38,258.57,2/5/2023 1:00,Predator
24.39,61.74,51.15,220.06,2/5/2023 2:00,Predator
31.91,60.37,70.48,142.78,2/5/2023 3:00,Environmental
30.83,100,60.38,244.64,2/5/2023 4:00,No_Threat
32.46,71.49,36.85,261.68,2/5/2023 5:00,No_Threat
31.45,44.34,62.46,189.94,2/5/2023 6:00,No_Threat
42.28,56.53,92.94,278.3,2/5/2023 7:00,Wax_Moth
26.81,80.32,67.39,136.66,2/5/2023 8:00,Wax_Moth
27.35,96.33,59.14,145.26,2/5/2023 9:00,No_Threat
26.88,41.21,76.13,226.83,2/5/2023 10:00,No_Threat
27.22,36.8,63.16,221.27,2/5/2023 11:00,No_Threat
26.81,93.06,63.14,184.17,2/5/2023 12:00,Environmental
35.95,70.84,43.63,260.48,2/5/2023 13:00,Wax_Moth
37.1,51.98,63.51,246.54,2/5/2023 14:00,Wax_Moth
27.15,73.02,75.53,262.91,2/5/2023 15:00,Wax_Moth
25.84,25.46,47.46,213.84,2/5/2023 16:00,Predator
32.36,65.05,81.37,250.13,2/5/2023 17:00,No_Threat
27.24,69.92,58.62,197.72,2/5/2023 18:00,Wax_Moth
33.16,78.86,46.68,322.69,2/5/2023 19:00,Environmental
31.01,49.79,74.96,179.37,2/5/2023 20:00,Wax_Moth
22.42,66.29,55.7,325.26,2/5/2023 21:00,Predator
37.74,51.12,71.39,221.74,2/5/2023 22:00,Wax_Moth
38.98,68.83,55.62,151.22,2/5/2023 23:00,Wax_Moth
26.94,51.57,59.1,288.4,2/6/2023 0:00,No_Threat
28.06,58.88,67.4,226.3,2/6/2023 1:00,Environmental
31.43,50.06,64.36,262.56,2/6/2023 2:00,No_Threat
31.67,74.77,30.07,281.19,2/6/2023 3:00,No_Threat
33.29,77.88,43.18,236.9,2/6/2023 4:00,Wax_Moth
40.05,61.48,73.94,190.39,2/6/2023 5:00,Wax_Moth
29.12,65.57,58.02,268.79,2/6/2023 6:00,No_Threat
26.01,43.27,52.14,220.04,2/6/2023 7:00,Environmental
23.1,60.5,39.62,254.29,2/6/2023 8:00,Environmental
26.35,64.25,43.8,112.31,2/6/2023 9:00,No_Threat
29.83,100,29.67,242.35,2/6/2023 10:00,Wax_Moth
38.97,48.32,58.48,188.07,2/6/2023 11:00,Environmental
27.41,86.96,51.02,302.67,2/6/2023 12:00,Wax_Moth
31.12,79.95,45.5,251.15,2/6/2023 13:00,Wax_Moth
29.92,69.21,58.98,231.99,2/6/2023 14:00,No_Threat
35.94,91.38,65.46,244.32,2/6/2023 15:00,Environmental
42.63,70.58,91.4,170.08,2/6/2023 16:00,Predator
27.35,70.84,37.32,301.16,2/6/2023 17:00,Environmental
27.55,64.2,77.39,319.57,2/6/2023 18:00,No_Threat
35.22,83.35,74.6,239.65,2/6/2023 19:00,Wax_Moth
33.41,81.45,48.31,299.52,2/6/2023 20:00,Predator
39.23,55.61,63.05,191.54,2/6/2023 21:00,No_Threat
32.92,45.21,53.14,180.14,2/6/2023 22:00,Predator
28.2,61.96,62.79,222.05,2/6/2023 23:00,Predator
32.95,53,82.64,241.75,2/7/2023 0:00,No_Threat
35.54,64.05,69.08,200.3,2/7/2023 1:00,Predator
34.1,83.56,67.63,246.89,2/7/2023 2:00,Wax_Moth
32.54,58.14,53.55,235.32,2/7/2023 3:00,Predator
35.33,64.36,37.74,170.08,2/7/2023 4:00,Wax_Moth
35.85,65.87,56.87,245.94,2/7/2023 5:00,Wax_Moth
36.91,77.73,78.1,263.18,2/7/2023 6:00,Environmental
33.24,31.3,37.09,228.57,2/7/2023 7:00,Environmental
29.16,55.9,44.17,277.63,2/7/2023 8:00,No_Threat
30.73,68.17,61.89,159.13,2/7/2023 9:00,Wax_Moth
36.03,83,45.23,243.4,2/7/2023 10:00,No_Threat
25.92,57.62,48.11,161.49,2/7/2023 11:00,No_Threat
31.84,36.85,53.65,164.3,2/7/2023 12:00,No_Threat
28.03,74.3,39.52,188.45,2/7/2023 13:00,Wax_Moth
30.14,55.47,45.39,172.9,2/7/2023 14:00,No_Threat
36.39,47.16,70.55,192.6,2/7/2023 15:00,No_Threat
30.96,55.63,40.39,209.29,2/7/2023 16:00,No_Threat
30.23,62.23,36.03,261.86,2/7/2023 17:00,No_Threat
23.2,55.93,50.55,203.94,2/7/2023 18:00,Wax_Moth
33.73,31.92,70.98,140.72,2/7/2023 19:00,Predator
33.23,78.46,57.05,277,2/7/2023 20:00,No_Threat
40.82,84.12,53.03,178.15,2/7/2023 21:00,Predator
28.46,74.77,60.67,217.06,2/7/2023 22:00,Environmental
31.1,47.93,33.81,242.33,2/7/2023 23:00,Environmental
31.25,61.98,67.42,229.98,2/8/2023 0:00,Environmental
37.89,64.9,65.75,274.71,2/8/2023 1:00,Predator
29.52,73.98,53.86,243.95,2/8/2023 2:00,No_Threat
31.4,75.03,75.09,176.93,2/8/2023 3:00,Wax_Moth
33.04,53.99,43.09,328.93,2/8/2023 4:00,Environmental
30.93,66.23,76.92,229.72,2/8/2023 5:00,Wax_Moth
27.77,71.86,62.32,212.63,2/8/2023 6:00,Predator
30.97,86.84,54.95,268.2,2/8/2023 7:00,No_Threat
35.37,75.57,59.7,232.47,2/8/2023 8:00,Environmental
24.87,76.84,58.39,239.96,2/8/2023 9:00,Wax_Moth
30.66,66.26,78.3,344.61,2/8/2023 10:00,Wax_Moth
26.5,86.16,43.85,206.24,2/8/2023 11:00,No_Threat
35.98,71.15,48.56,204.11,2/8/2023 12:00,Environmental
22.38,52.08,75.54,225.83,2/8/2023 13:00,Predator
27.21,86.05,51.07,273.58,2/8/2023 14:00,Wax_Moth
31.89,75.47,73.51,144.67,2/8/2023 15:00,Predator
37.83,58.35,85.49,121.72,2/8/2023 16:00,Wax_Moth
29.67,57.81,53.97,190.64,2/8/2023 17:00,No_Threat
27.22,69.45,70.22,138.3,2/8/2023 18:00,No_Threat
39.41,71.95,42.69,198.76,2/8/2023 19:00,No_Threat
22.76,67.96,71.32,245.12,2/8/2023 20:00,Wax_Moth
19.01,69.67,62.99,175.46,2/8/2023 21:00,No_Threat
32.2,90.5,67.1,148.66,2/8/2023 22:00,Environmental
27.49,81.07,50.32,223.47,2/8/2023 23:00,Environmental
24.89,67.86,35.08,263.13,2/9/2023 0:00,No_Threat
33.54,79.12,67.55,135.25,2/9/2023 1:00,No_Threat
31.22,49.51,29.05,261.01,2/9/2023 2:00,No_Threat
27.18,70.97,55.24,260.87,2/9/2023 3:00,Wax_Moth
23.6,92.14,74.12,267.7,2/9/2023 4:00,No_Threat
34.36,61.73,62.88,280.92,2/9/2023 5:00,No_Threat
33.25,52.29,89.23,330.1,2/9/2023 6:00,Predator
29.5,55.22,75.38,202.2,2/9/2023 7:00,Predator
39.23,48.66,50.19,225.48,2/9/2023 8:00,No_Threat
24.65,53.23,60.41,199.18,2/9/2023 9:00,Wax_Moth
22.37,59.44,59.29,220.1,2/9/2023 10:00,Wax_Moth
26.54,43.92,36.27,296.64,2/9/2023 11:00,Environmental
29.77,65.23,45.89,152.75,2/9/2023 12:00,Wax_Moth
31.22,78.53,51.59,176.95,2/9/2023 13:00,No_Threat
28.79,51.38,29.46,288.86,2/9/2023 14:00,Environmental
31.76,87.79,60.71,271,2/9/2023 15:00,Wax_Moth
23.74,72.66,56.26,201.84,2/9/2023 16:00,No_Threat
37.22,80.46,34.91,262.72,2/9/2023 17:00,Wax_Moth
29.59,55.13,66.06,237.06,2/9/2023 18:00,Wax_Moth
35.59,77.82,70.74,295.01,2/9/2023 19:00,No_Threat
31.71,48.62,63.41,223.73,2/9/2023 20:00,No_Threat
32.28,78.35,55.14,271.28,2/9/2023 21:00,Wax_Moth
32.85,67.58,68.87,352.1,2/9/2023 22:00,No_Threat
32.24,73.3,70.2,249.9,2/9/2023 23:00,Environmental
33.21,47.37,64.61,222.47,2/10/2023 0:00,No_Threat
36.65,51.57,47.63,256.12,2/10/2023 1:00,No_Threat
30.98,73.96,64.15,201.74,2/10/2023 2:00,Environmental
33.55,50.77,77.93,339.4,2/10/2023 3:00,Environmental
29.55,71.95,51.05,229,2/10/2023 4:00,Predator
37.2,44.49,91.47,206.35,2/10/2023 5:00,Wax_Moth
26.62,77.72,52.12,178.22,2/10/2023 6:00,No_Threat
39,46.51,60.49,274.86,2/10/2023 7:00,Environmental
29.8,73.28,49.91,263.36,2/10/2023 8:00,Environmental
22.85,74.38,63.35,195.13,2/10/2023 9:00,No_Threat
30.64,54.55,33.87,248.82,2/10/2023 10:00,Predator
26.59,73.73,51.81,144.57,2/10/2023 11:00,No_Threat
34.2,68.91,43.62,229.25,2/10/2023 12:00,Predator
26.74,56.92,62.03,242.64,2/10/2023 13:00,Predator
27.77,49.87,74.92,305.37,2/10/2023 14:00,Environmental
20.55,35.56,69.69,181.46,2/10/2023 15:00,Predator
27.74,70.24,24.43,156.08,2/10/2023 16:00,Environmental
17.88,41.53,90.63,175.23,2/10/2023 17:00,No_Threat
22.08,66.43,64.43,153.17,2/10/2023 18:00,Wax_Moth
33.8,61.05,48.35,286.83,2/10/2023 19:00,No_Threat
33.93,75.19,62.36,297.43,2/10/2023 20:00,Wax_Moth
32.13,60.47,62.64,236.01,2/10/2023 21:00,Environmental
25.17,60.06,50,281.06,2/10/2023 22:00,Wax_Moth
29.76,75.98,62.97,226.7,2/10/2023 23:00,No_Threat
29.98,70.03,50.89,215.24,2/11/2023 0:00,Wax_Moth
24.21,69.74,53.93,203.35,2/11/2023 1:00,Predator
37.52,72.04,49.71,204.48,2/11/2023 2:00,No_Threat
34.39,41.97,38.51,142.61,2/11/2023 3:00,Wax_Moth
28.9,76.35,62.19,233.21,2/11/2023 4:00,No_Threat
30.13,74.19,68.78,217.98,2/11/2023 5:00,Environmental
31.04,49.75,67.72,257.27,2/11/2023 6:00,No_Threat
19.79,61.34,72.3,224.68,2/11/2023 7:00,Environmental
28.76,64.41,64.87,211.86,2/11/2023 8:00,No_Threat
26.59,62.98,52.01,176.44,2/11/2023 9:00,No_Threat
24.99,70.01,72.59,223.61,2/11/2023 10:00,Predator
28.59,86.47,39.64,256.91,2/11/2023 11:00,No_Threat
38.99,81.23,46.49,162.83,2/11/2023 12:00,Wax_Moth
33.2,45.32,45.54,224.37,2/11/2023 13:00,No_Threat
27.14,74.33,76.2,231.65,2/11/2023 14:00,Wax_Moth
32.86,84.93,74.14,184.1,2/11/2023 15:00,Wax_Moth
37,70.8,67.31,190.61,2/11/2023 16:00,No_Threat
34.62,81.36,76.08,231.53,2/11/2023 17:00,No_Threat
30.3,95.18,46.81,163.33,2/11/2023 18:00,Wax_Moth
26.77,80.36,65.23,237.5,2/11/2023 19:00,Environmental
33.49,68.74,58.12,175.23,2/11/2023 20:00,Environmental
31.97,80.68,72.7,273.14,2/11/2023 21:00,Wax_Moth
34.48,67.17,58.27,336.89,2/11/2023 22:00,Wax_Moth
33.18,65.36,54.23,176.96,2/11/2023 23:00,No_Threat
35.25,59.73,68.11,246.71,2/12/2023 0:00,No_Threat
27.32,88.45,73.14,183.66,2/12/2023 1:00,No_Threat
36.59,52.72,49.97,272.05,2/12/2023 2:00,No_Threat
30.99,87.99,59.08,156.74,2/12/2023 3:00,No_Threat
40.38,72.5,44.12,244.03,2/12/2023 4:00,Wax_Moth
26.55,44.01,22.53,176.35,2/12/2023 5:00,Wax_Moth
38.68,70.51,63.01,209.65,2/12/2023 6:00,Predator
30.99,33.5,69.13,168.45,2/12/2023 7:00,No_Threat
26.74,74.38,63.93,261.12,2/12/2023 8:00,Environmental
27.58,78.28,30.76,178.15,2/12/2023 9:00,Predator
28.4,56.11,54.74,247.6,2/12/2023 10:00,Wax_Moth
32.12,66.85,26.72,202.8,2/12/2023 11:00,No_Threat
32.61,94.31,80.55,214.28,2/12/2023 12:00,No_Threat
27.13,57.41,43.71,227.39,2/12/2023 13:00,No_Threat
29.88,49.12,78.83,181.91,2/12/2023 14:00,No_Threat
40.71,87.22,74.19,230.52,2/12/2023 15:00,Environmental
38.64,94.44,46.49,296.52,2/12/2023 16:00,No_Threat
32.18,65.06,43.01,181.1,2/12/2023 17:00,No_Threat
30.19,80.17,65.26,278.59,2/12/2023 18:00,Environmental
30.6,85.12,47.34,294.9,2/12/2023 19:00,Environmental
33.07,53.86,61.54,179.19,2/12/2023 20:00,Wax_Moth
24.89,57.72,52.76,147.25,2/12/2023 21:00,Environmental
28.71,83.46,33.28,235.1,2/12/2023 22:00,Wax_Moth
21.66,90.28,26.54,192.63,2/12/2023 23:00,No_Threat
32,73.44,63.4,313.43,2/13/2023 0:00,Wax_Moth
33.24,51.8,51.58,221.74,2/13/2023 1:00,Wax_Moth
27.58,94.81,51.7,179.89,2/13/2023 2:00,Predator
37.87,57.04,70.44,162.64,2/13/2023 3:00,No_Threat
23.87,59.97,77.6,274.5,2/13/2023 4:00,Wax_Moth
22.68,70.14,55.91,191.44,2/13/2023 5:00,No_Threat
31.12,88.31,54.89,222.19,2/13/2023 6:00,Wax_Moth
35.24,77.81,67.5,267.79,2/13/2023 7:00,No_Threat
38.42,71.22,39.65,195.79,2/13/2023 8:00,No_Threat
27.71,71.95,63.35,217.7,2/13/2023 9:00,Predator
35.39,65.65,68.28,219.17,2/13/2023 10:00,Wax_Moth
29.81,73.37,70.2,254.17,2/13/2023 11:00,Wax_Moth
29.14,27.06,30.95,249.54,2/13/2023 12:00,No_Threat
34.42,60.55,48.58,208.99,2/13/2023 13:00,No_Threat
33.26,68.62,46.83,223.18,2/13/2023 14:00,Wax_Moth
22.12,47.73,61.5,201.41,2/13/2023 15:00,Predator
37.38,70.79,67.21,146.12,2/13/2023 16:00,Predator
36.9,61.93,82.45,232.88,2/13/2023 17:00,Wax_Moth
26.87,91.33,52.58,314.61,2/13/2023 18:00,Wax_Moth
31.98,88.6,52.54,175.81,2/13/2023 19:00,Predator
32.47,58.01,77.25,181.35,2/13/2023 20:00,Wax_Moth
31.3,62.74,64.45,176.46,2/13/2023 21:00,Wax_Moth
27.25,63.89,79.01,256.23,2/13/2023 22:00,No_Threat
26.64,58.23,64.33,242.42,2/13/2023 23:00,Environmental
29.87,67.93,42.64,212.07,2/14/2023 0:00,Wax_Moth
35.86,53.63,40,174.1,2/14/2023 1:00,Predator
32.72,48.04,36.73,224.62,2/14/2023 2:00,Environmental
28.15,74.34,69.93,141.77,2/14/2023 3:00,No_Threat
33.86,74.44,77.83,227.17,2/14/2023 4:00,Environmental
15.76,52.94,87.74,263.58,2/14/2023 5:00,Predator
35.74,78.43,72.65,157.44,2/14/2023 6:00,No_Threat
21.3,55.53,77.44,143.37,2/14/2023 7:00,No_Threat
28.19,68.8,51.3,298.97,2/14/2023 8:00,No_Threat
24.4,77.31,42.65,189.41,2/14/2023 9:00,Wax_Moth
23.53,64.5,72.75,276.8,2/14/2023 10:00,Wax_Moth
35.8,71.82,66.27,212.3,2/14/2023 11:00,Wax_Moth
27.66,57.25,61.61,211.9,2/14/2023 12:00,No_Threat
31.73,62.05,65.81,241.92,2/14/2023 13:00,Predator
29.77,61.91,64.85,175.8,2/14/2023 14:00,No_Threat
32.39,53.8,79.26,226.62,2/14/2023 15:00,No_Threat
30.38,62.35,79.42,200.93,2/14/2023 16:00,Wax_Moth
23.59,41.77,68.16,153.98,2/14/2023 17:00,Wax_Moth
34.98,57.63,72.69,236.87,2/14/2023 18:00,No_Threat
27.53,60.73,67.71,206.83,2/14/2023 19:00,No_Threat
22.22,61.16,53.08,212.15,2/14/2023 20:00,No_Threat
27.86,61.38,71.35,159.49,2/14/2023 21:00,Environmental
37.5,64.07,39.08,299.57,2/14/2023 22:00,Environmental
34.25,72.19,75.81,263.84,2/14/2023 23:00,Wax_Moth
28.26,78.12,42.08,268.21,2/15/2023 0:00,Environmental
28.25,55.25,64.29,204.73,2/15/2023 1:00,Environmental
28.39,46.95,47.32,133.54,2/15/2023 2:00,No_Threat
40.38,49.37,68.3,317.65,2/15/2023 3:00,Predator
31.91,57.69,59.49,216.95,2/15/2023 4:00,Predator
32.15,59.72,36.08,182.56,2/15/2023 5:00,No_Threat
35.15,53.45,66.31,240.84,2/15/2023 6:00,No_Threat
31.19,45.56,51.33,278.36,2/15/2023 7:00,No_Threat
28.7,58.16,73.22,218.85,2/15/2023 8:00,No_Threat
29.02,67.72,60.02,283.93,2/15/2023 9:00,Environmental
29.64,73.93,65.93,274.15,2/15/2023 10:00,Wax_Moth
29.81,56.64,45.64,166.18,2/15/2023 11:00,Environmental
33.64,58.81,51.16,186.31,2/15/2023 12:00,Environmental
30.26,51.1,53.12,267.88,2/15/2023 13:00,Environmental
33.66,64.53,72.85,84.37,2/15/2023 14:00,Environmental
29.6,52.27,85.16,212.53,2/15/2023 15:00,No_Threat
30.39,73.6,47.92,148.46,2/15/2023 16:00,No_Threat
20.01,38.21,76.15,196.17,2/15/2023 17:00,Environmental
34.58,59.61,27.45,205.06,2/15/2023 18:00,No_Threat
31.73,69.52,42.09,202.09,2/15/2023 19:00,No_Threat
34.99,67.76,45.62,192.39,2/15/2023 20:00,Predator
15.52,100,39.71,165.14,2/15/2023 21:00,Environmental
40.44,70.25,36.25,334.6,2/15/2023 22:00,No_Threat
29.3,49.94,66.19,313.37,2/15/2023 23:00,Environmental
35.54,63.57,56.79,161.9,2/16/2023 0:00,Environmental
24.8,38.36,65.69,299.11,2/16/2023 1:00,No_Threat
33.06,63.79,70.36,200.03,2/16/2023 2:00,No_Threat
24.73,52.5,63.98,226.46,2/16/2023 3:00,Predator
26.88,78.73,69.87,216.84,2/16/2023 4:00,No_Threat
39.57,56.76,58.96,187.01,2/16/2023 5:00,No_Threat
29.05,63.25,42.2,269.19,2/16/2023 6:00,Wax_Moth
31.09,55.47,75.87,226.29,2/16/2023 7:00,Environmental
34.35,91.08,51.16,196.17,2/16/2023 8:00,No_Threat
32.48,60.18,45.97,154.77,2/16/2023 9:00,No_Threat
30.75,92.49,57.33,175.32,2/16/2023 10:00,No_Threat
31.82,77.21,46.31,137.93,2/16/2023 11:00,Predator
42.02,72.23,53.74,220.61,2/16/2023 12:00,No_Threat
29.71,70.53,65.16,160.17,2/16/2023 13:00,Wax_Moth
31.01,70.91,65.23,206.72,2/16/2023 14:00,Predator
35.25,36.08,46.53,288.51,2/16/2023 15:00,No_Threat
35.53,60.82,52.68,279.96,2/16/2023 16:00,Predator
35.94,77.68,76.11,218.39,2/16/2023 17:00,Predator
33.19,64.27,67.45,215.65,2/16/2023 18:00,Predator
24.28,43.92,91.13,313.99,2/16/2023 19:00,No_Threat
38.17,64.21,77.7,246.04,2/16/2023 20:00,Environmental
24.27,90.56,77.16,203.61,2/16/2023 21:00,Environmental
31.51,83.7,39.18,148.7,2/16/2023 22:00,Predator
26.23,64.07,71.46,239.69,2/16/2023 23:00,No_Threat
29.68,79.27,59.2,261.47,2/17/2023 0:00,Environmental
31.64,59.5,51.74,188.42,2/17/2023 1:00,No_Threat
31.61,39.44,62.52,234.56,2/17/2023 2:00,No_Threat
32.11,51.13,74.18,201.82,2/17/2023 3:00,Wax_Moth
38.07,88.44,67.51,210.8,2/17/2023 4:00,Environmental
32.27,60.89,46.82,95.61,2/17/2023 5:00,Wax_Moth
28.78,61.35,71.14,208.91,2/17/2023 6:00,Wax_Moth
34.82,60.5,50.44,268.47,2/17/2023 7:00,Predator
35.95,93.56,63.25,188.43,2/17/2023 8:00,Wax_Moth
23.86,89.39,55.45,222.63,2/17/2023 9:00,Environmental
32.99,98.28,56.72,182.2,2/17/2023 10:00,Wax_Moth
33.51,62.61,71.49,238.02,2/17/2023 11:00,Wax_Moth
28.51,69.43,44.4,209.17,2/17/2023 12:00,Environmental
36.88,42.25,89.18,173.04,2/17/2023 13:00,Predator
29.25,87.15,32.68,286.63,2/17/2023 14:00,Wax_Moth
30.63,47.48,51.03,266.45,2/17/2023 15:00,Environmental
29.13,68.25,65.55,189.75,2/17/2023 16:00,No_Threat
30.08,48.54,68.76,244.89,2/17/2023 17:00,No_Threat
24.52,56.17,58.49,246.87,2/17/2023 18:00,Wax_Moth
22.8,52.44,59.14,252.12,2/17/2023 19:00,No_Threat
37.97,55.88,66.16,135.29,2/17/2023 20:00,No_Threat
25.77,56.91,56.53,270.33,2/17/2023 21:00,Wax_Moth
25.04,56.78,80.9,191.52,2/17/2023 22:00,No_Threat
19.23,77.5,72.59,202.11,2/17/2023 23:00,No_Threat
26.81,48.43,73.09,351.89,2/18/2023 0:00,Wax_Moth
23.38,68.31,45.51,235.09,2/18/2023 1:00,Wax_Moth
38.21,83.27,58.81,200.68,2/18/2023 2:00,Predator
35.05,57.3,55.49,109.74,2/18/2023 3:00,Environmental
26.56,54.23,44.92,289.49,2/18/2023 4:00,Wax_Moth
41.26,61.54,65.4,152.74,2/18/2023 5:00,Predator
34.91,82.7,51.94,169.83,2/18/2023 6:00,Environmental
28.38,67.91,69.83,203.43,2/18/2023 7:00,No_Threat
17.5,57.03,43.95,290.82,2/18/2023 8:00,No_Threat
41.45,72.26,85.79,258.66,2/18/2023 9:00,Environmental
23.05,48.47,46.56,212.11,2/18/2023 10:00,Wax_Moth
21.77,75.22,63.29,235.41,2/18/2023 11:00,Environmental
35.11,71.13,71.88,189.98,2/18/2023 12:00,Environmental
42.2,60.38,51.44,226.98,2/18/2023 13:00,Environmental
36.92,52.42,72.79,223.67,2/18/2023 14:00,Predator
32.82,51.7,41.56,268.44,2/18/2023 15:00,Wax_Moth
32.97,73.02,81.78,268.36,2/18/2023 16:00,No_Threat
34.27,83.43,60.21,244.7,2/18/2023 17:00,Predator
33.79,55.44,51.05,201.88,2/18/2023 18:00,No_Threat
31.41,71.88,55.51,257.09,2/18/2023 19:00,Environmental
30.52,33.69,72.13,215.4,2/18/2023 20:00,Predator
29.69,56.23,51.23,165.9,2/18/2023 21:00,Environmental
26.23,64.53,48.76,199.84,2/18/2023 22:00,Wax_Moth
28.6,51.35,56.68,224.23,2/18/2023 23:00,Wax_Moth
21.54,50.95,42.35,265.51,2/19/2023 0:00,Wax_Moth
29.51,54.98,87.31,210.82,2/19/2023 1:00,Wax_Moth
25.06,69.38,51.5,159.54,2/19/2023 2:00,Environmental
24.48,62.19,72.47,222.84,2/19/2023 3:00,Environmental
30.9,31.43,63.14,225.67,2/19/2023 4:00,Environmental
36.96,33.19,45.23,229.29,2/19/2023 5:00,No_Threat
34.59,55.9,59.91,265.99,2/19/2023 6:00,Wax_Moth
22.15,71.87,71.76,270.95,2/19/2023 7:00,Environmental
25.05,23.79,57.18,190.29,2/19/2023 8:00,Wax_Moth
34.7,57.5,77.9,189.19,2/19/2023 9:00,Wax_Moth
25.09,57.11,75.32,167.99,2/19/2023 10:00,Environmental
28.88,85.83,73.78,254.94,2/19/2023 11:00,Environmental
32.75,59.22,53.11,292.44,2/19/2023 12:00,Wax_Moth
25.16,70.74,43.8,204.25,2/19/2023 13:00,Predator
30.53,67.12,50.8,207.93,2/19/2023 14:00,No_Threat
23.33,33.04,62.94,293.34,2/19/2023 15:00,Predator
26.99,76.52,68.19,245.28,2/19/2023 16:00,No_Threat
31.6,68.23,27.43,241.81,2/19/2023 17:00,No_Threat
22.04,72.62,59.88,160.45,2/19/2023 18:00,Predator
32.2,100,62.37,253.94,2/19/2023 19:00,No_Threat
29.9,33.74,55.84,173.54,2/19/2023 20:00,Environmental
32.76,90.87,79.37,163.3,2/19/2023 21:00,Predator
31.12,60.69,66.33,202.66,2/19/2023 22:00,Predator
36.82,69.31,79.65,190.71,2/19/2023 23:00,Predator
30.63,64.32,56.76,208.92,2/20/2023 0:00,No_Threat
27.85,58.64,74.06,147.95,2/20/2023 1:00,Environmental
30.61,56.45,84.53,267.94,2/20/2023 2:00,No_Threat
32.72,69.94,79.68,276.38,2/20/2023 3:00,Wax_Moth
30.24,42.24,43.62,122.63,2/20/2023 4:00,Predator
30.2,76.26,56.19,268.92,2/20/2023 5:00,Wax_Moth
26.49,58.76,54.82,179.47,2/20/2023 6:00,Wax_Moth
26.69,48.05,67.34,262.85,2/20/2023 7:00,Wax_Moth
22.99,58.25,70.3,216.58,2/20/2023 8:00,Environmental
38.75,83.86,47.42,221.44,2/20/2023 9:00,Predator
23.78,56.97,61.02,210.75,2/20/2023 10:00,No_Threat
26.54,70.38,29.7,280.61,2/20/2023 11:00,Wax_Moth
26.41,54.04,81.63,158.02,2/20/2023 12:00,Predator
34.47,76.37,52.31,250.39,2/20/2023 13:00,Wax_Moth
28.53,75.28,60.84,275.07,2/20/2023 14:00,No_Threat
36.24,92.73,55.36,255.82,2/20/2023 15:00,Wax_Moth
26.63,62.37,77.19,336.23,2/20/2023 16:00,No_Threat
31.39,75.03,20,193.55,2/20/2023 17:00,No_Threat
25.82,66.47,59.75,267.87,2/20/2023 18:00,Predator
40.73,84.44,58.41,214.7,2/20/2023 19:00,Wax_Moth
24.06,54.22,53.2,281.67,2/20/2023 20:00,Predator
31.55,76.18,85.89,219.62,2/20/2023 21:00,Predator
33.17,62.08,46.69,200.61,2/20/2023 22:00,Environmental
32.07,64.04,71.58,285.3,2/20/2023 23:00,No_Threat
29.07,66.38,65.34,195.42,2/21/2023 0:00,Wax_Moth
29.35,68.78,78.92,149.36,2/21/2023 1:00,No_Threat
30.22,63.26,49.99,194.16,2/21/2023 2:00,Predator
29.26,68.22,49.01,250.95,2/21/2023 3:00,No_Threat
34.82,88.67,76.44,289.6,2/21/2023 4:00,No_Threat
41.05,79.78,66.38,225.56,2/21/2023 5:00,Wax_Moth
27.21,78.04,36.83,285.91,2/21/2023 6:00,No_Threat
23.15,58.17,51.91,152.09,2/21/2023 7:00,No_Threat
29.56,51.66,65.8,197.84,2/21/2023 8:00,Wax_Moth
42.9,79.33,72.57,205.57,2/21/2023 9:00,No_Threat
25.98,78.14,49.81,214.27,2/21/2023 10:00,No_Threat
38.2,87.09,20,224.2,2/21/2023 11:00,Wax_Moth
38.39,55.94,67.85,254.55,2/21/2023 12:00,Environmental
27.23,61.56,41.7,197.76,2/21/2023 13:00,Wax_Moth
32.84,40.41,29.74,226.95,2/21/2023 14:00,Wax_Moth
38.14,59.11,20,217.74,2/21/2023 15:00,Wax_Moth
28.1,79.95,72.21,173.71,2/21/2023 16:00,Wax_Moth
28.98,58,61.93,214.32,2/21/2023 17:00,Predator
27.09,74.61,56.62,212.82,2/21/2023 18:00,No_Threat
24.93,62.14,80.84,211.75,2/21/2023 19:00,Environmental
26.75,69.86,69.56,221.59,2/21/2023 20:00,Predator
23.88,47.78,84.24,223.78,2/21/2023 21:00,Predator
30.17,66.28,39.11,198.39,2/21/2023 22:00,No_Threat
26.15,20.13,59.48,283.64,2/21/2023 23:00,No_Threat
31.17,62.2,35.75,161.53,2/22/2023 0:00,Environmental
22.22,40.54,56.56,183.95,2/22/2023 1:00,No_Threat
31.65,83.09,56.27,359,2/22/2023 2:00,Predator
34.17,76.66,69.4,168.1,2/22/2023 3:00,Environmental
20.03,72,60.68,152.31,2/22/2023 4:00,Environmental
31.87,87.82,69.35,256.72,2/22/2023 5:00,No_Threat
36.14,50.77,70.55,116.14,2/22/2023 6:00,Environmental
23.95,91.21,92.32,208.24,2/22/2023 7:00,Environmental
38.36,78.98,55.27,327.29,2/22/2023 8:00,Predator
32.1,61.45,45.88,142.75,2/22/2023 9:00,No_Threat
26.47,82.03,63.69,120.9,2/22/2023 10:00,No_Threat
29.72,48.41,47.97,145.04,2/22/2023 11:00,Wax_Moth
32.79,52.63,82.23,264.92,2/22/2023 12:00,No_Threat
30.38,55.87,55.75,276.24,2/22/2023 13:00,Wax_Moth
32.69,57.07,51.52,194.37,2/22/2023 14:00,Predator
25.4,49.15,52.93,254.16,2/22/2023 15:00,Wax_Moth
30.85,83.35,70.78,289.51,2/22/2023 16:00,Predator
22.93,61.12,57.63,309.37,2/22/2023 17:00,No_Threat
29.44,70.29,50.37,207.68,2/22/2023 18:00,No_Threat
25.48,56.44,84.98,104.93,2/22/2023 19:00,No_Threat
26.32,37.69,47.16,178.96,2/22/2023 20:00,No_Threat
36.18,69.05,60.53,198.66,2/22/2023 21:00,Predator
35.46,36.32,69.78,207.05,2/22/2023 22:00,No_Threat
33.05,63.97,35.53,210.61,2/22/2023 23:00,Environmental
24.54,44.48,67.2,275.94,2/23/2023 0:00,Wax_Moth
28.42,94.81,44.17,283.72,2/23/2023 1:00,Predator
36.07,78.67,72.34,211.42,2/23/2023 2:00,No_Threat
30.71,66.59,45.56,274.92,2/23/2023 3:00,No_Threat
41.6,83.96,70.39,237.88,2/23/2023 4:00,No_Threat
31.97,52.31,76.59,223.23,2/23/2023 5:00,Wax_Moth
30.96,73.15,72.92,265.33,2/23/2023 6:00,No_Threat
28.45,68,63.77,223.61,2/23/2023 7:00,Predator
30.67,68.96,56.53,322.89,2/23/2023 8:00,Environmental
29.24,84.09,51.35,148.08,2/23/2023 9:00,Environmental
33.54,75.99,82.07,194.24,2/23/2023 10:00,Wax_Moth
34.78,69.33,49.51,213.67,2/23/2023 11:00,No_Threat
26.07,40.18,44.44,241.97,2/23/2023 12:00,Wax_Moth
23.34,50.6,69.98,283.4,2/23/2023 13:00,Predator
20.82,63.16,48.06,218.78,2/23/2023 14:00,Predator
32.54,66.4,45.75,148.89,2/23/2023 15:00,Predator
24.48,48.05,38.35,262.13,2/23/2023 16:00,Predator
19.24,100,52.76,257.75,2/23/2023 17:00,No_Threat
31.94,87.75,58.76,122.91,2/23/2023 18:00,No_Threat
42.46,74.03,63.65,219.81,2/23/2023 19:00,No_Threat
29.97,66.08,74.27,140.49,2/23/2023 20:00,No_Threat
34.19,61.82,67.9,186.77,2/23/2023 21:00,No_Threat
30.41,50.72,57.14,174.86,2/23/2023 22:00,Wax_Moth
29.51,66.16,57.03,260.46,2/23/2023 23:00,Environmental
34.6,68.87,67.65,225.84,2/24/2023 0:00,Predator
28.55,46.37,79.09,155.72,2/24/2023 1:00,Environmental
31.34,70.01,61.89,264,2/24/2023 2:00,Predator
31.61,62.67,52.96,148.31,2/24/2023 3:00,No_Threat
26.66,36.38,45.11,236.51,2/24/2023 4:00,No_Threat
34.96,52.09,38.32,179.3,2/24/2023 5:00,Environmental
29.13,58.8,69.99,201.72,2/24/2023 6:00,No_Threat
26.22,93.32,68.67,245.21,2/24/2023 7:00,No_Threat
32.68,73.35,68.66,246.07,2/24/2023 8:00,No_Threat
25.51,44.97,58.07,286.85,2/24/2023 9:00,No_Threat
30.14,72.29,81.1,215.89,2/24/2023 10:00,Wax_Moth
29.95,41.79,52.74,235.32,2/24/2023 11:00,Wax_Moth
35.43,81.24,74.33,198.11,2/24/2023 12:00,Wax_Moth
32.37,57.93,59.42,229.1,2/24/2023 13:00,Environmental
29.87,63.6,50.87,241.97,2/24/2023 14:00,Wax_Moth
34.09,84.89,68.89,215.08,2/24/2023 15:00,No_Threat
36.95,45.69,66.14,129.81,2/24/2023 16:00,No_Threat
32.79,44.04,65.35,236.57,2/24/2023 17:00,No_Threat
30.05,56.25,61.22,238.23,2/24/2023 18:00,Environmental
23.44,80.58,59.43,185.99,2/24/2023 19:00,Environmental
24.67,42.21,95.83,155.78,2/24/2023 20:00,Environmental
28.47,22.52,77.76,293.79,2/24/2023 21:00,No_Threat
26.95,58.23,70.84,244.57,2/24/2023 22:00,Wax_Moth
29.07,73.28,61.68,208.55,2/24/2023 23:00,Wax_Moth
30.28,83,75.11,163.15,2/25/2023 0:00,Wax_Moth
32.65,58.05,67.77,178.91,2/25/2023 1:00,Wax_Moth
29.65,58.83,60.39,285.13,2/25/2023 2:00,Wax_Moth
32.43,82.31,55.45,226.88,2/25/2023 3:00,Wax_Moth
30.32,36.95,58.79,192.47,2/25/2023 4:00,Environmental
20.12,59.17,20,245.48,2/25/2023 5:00,No_Threat
25.3,67.86,63.16,179.28,2/25/2023 6:00,Environmental
29.28,71.74,52.67,295.04,2/25/2023 7:00,No_Threat
23.95,57.35,83.89,287.64,2/25/2023 8:00,No_Threat
33,65.52,60.29,196.67,2/25/2023 9:00,Predator
37.65,27.68,42.17,188.57,2/25/2023 10:00,Predator
36.09,55.13,59.25,89.09,2/25/2023 11:00,No_Threat
28.93,71.8,44.31,145.92,2/25/2023 12:00,Wax_Moth
37.45,50.27,67.1,153.03,2/25/2023 13:00,No_Threat
30.74,65.88,64.36,226.76,2/25/2023 14:00,Wax_Moth
28.31,71.7,74.37,203.69,2/25/2023 15:00,Predator
26.93,59.86,48.14,152.73,2/25/2023 16:00,Predator
28.49,67.56,60.51,205.94,2/25/2023 17:00,Environmental
28.06,50.56,39.52,245.27,2/25/2023 18:00,Wax_Moth
30.85,61.9,70.52,246.39,2/25/2023 19:00,Environmental
30.8,74.15,67.78,125.02,2/25/2023 20:00,No_Threat
30.02,67.35,67.44,213.59,2/25/2023 21:00,Predator
32.18,56.2,60.02,150.83,2/25/2023 22:00,Predator
35.95,68.36,66.22,265.09,2/25/2023 23:00,Wax_Moth
34.75,75.72,84.07,259.21,2/26/2023 0:00,No_Threat
22.58,34.25,55.72,175.1,2/26/2023 1:00,No_Threat
17.23,82.39,62.08,181.7,2/26/2023 2:00,No_Threat
34.67,59.96,43.71,196.94,2/26/2023 3:00,Predator
23.17,71.38,46.98,107.36,2/26/2023 4:00,Wax_Moth
28.88,82.96,61.47,236.8,2/26/2023 5:00,No_Threat
24.15,44.42,76.56,206.36,2/26/2023 6:00,Wax_Moth
20.99,54.36,56.16,268.51,2/26/2023 7:00,Predator
32.71,60.67,56.46,165.08,2/26/2023 8:00,No_Threat
33.8,53.24,53.9,189.04,2/26/2023 9:00,Predator
27.12,91.02,51.98,144.67,2/26/2023 10:00,Predator
17.04,52.15,64.42,169.79,2/26/2023 11:00,Predator
27.27,56.67,37.54,160.9,2/26/2023 12:00,Wax_Moth
31.96,68.07,79.21,269.8,2/26/2023 13:00,No_Threat
22.61,46.97,50.02,185.09,2/26/2023 14:00,Wax_Moth
30.92,59.06,70.83,226.21,2/26/2023 15:00,No_Threat
29.92,69.76,40.95,200.96,2/26/2023 16:00,No_Threat
32.9,60.01,70.03,156.53,2/26/2023 17:00,Environmental
30.6,63.6,70.08,211.58,2/26/2023 18:00,Wax_Moth
25.13,57.06,65.76,249.96,2/26/2023 19:00,Predator
35.98,42.28,45.08,159.61,2/26/2023 20:00,No_Threat
29.21,69.82,63.74,260.46,2/26/2023 21:00,Environmental
29.86,91.32,42.25,177.51,2/26/2023 22:00,Environmental
25.33,65.28,56.21,195.85,2/26/2023 23:00,Environmental
27.78,68.38,75.44,246.53,2/27/2023 0:00,Predator
25.58,75.39,71.95,186.83,2/27/2023 1:00,Environmental
29.14,45.96,60.23,221.88,2/27/2023 2:00,Predator
38.56,90.54,45.38,204.27,2/27/2023 3:00,No_Threat
23.14,68.03,69.68,226.47,2/27/2023 4:00,Wax_Moth
21.93,89.48,60.29,100.96,2/27/2023 5:00,No_Threat
37.36,54,25.2,128.52,2/27/2023 6:00,No_Threat
28.95,92.27,71.74,250.8,2/27/2023 7:00,No_Threat
26.65,76.63,59.64,271.86,2/27/2023 8:00,No_Threat
35.2,73.3,78.04,174.48,2/27/2023 9:00,No_Threat
26.97,68.51,43.57,207.8,2/27/2023 10:00,No_Threat
39.13,61.27,20,234.74,2/27/2023 11:00,No_Threat
33.39,83.01,64.19,254.66,2/27/2023 12:00,Predator
27.56,67.11,64.37,118.62,2/27/2023 13:00,No_Threat
40.79,35.49,34.64,175.7,2/27/2023 14:00,Environmental
26.97,48.24,45.32,203.37,2/27/2023 15:00,No_Threat
33.71,62.21,101.33,255.16,2/27/2023 16:00,Predator
31.5,69.65,55.42,344.92,2/27/2023 17:00,Predator
36.51,64.15,70.96,208.6,2/27/2023 18:00,Environmental
37.81,83.28,50.24,149.65,2/27/2023 19:00,Environmental
30.16,35.73,28.65,240.11,2/27/2023 20:00,No_Threat
26.23,67.15,57.45,286.05,2/27/2023 21:00,Predator
32.3,37.73,56.02,225.4,2/27/2023 22:00,Predator
26.61,76.4,54,174.67,2/27/2023 23:00,Predator
40.07,63.58,58.28,267.9,2/28/2023 0:00,Environmental
30.68,71.29,63.96,253.18,2/28/2023 1:00,No_Threat
28.17,52.04,57.75,168.7,2/28/2023 2:00,Predator
30.92,84.19,41.04,239.07,2/28/2023 3:00,No_Threat
23.26,80.63,67.29,269.86,2/28/2023 4:00,Wax_Moth
25.14,73.75,30.76,279.09,2/28/2023 5:00,No_Threat
36,63.06,29.24,216.68,2/28/2023 6:00,Predator
26.72,73.7,71.09,202.1,2/28/2023 7:00,No_Threat
24.77,54.4,67.61,281.36,2/28/2023 8:00,No_Threat
32.68,77.83,59.14,159.49,2/28/2023 9:00,Wax_Moth
35.93,89.74,39.07,241.93,2/28/2023 10:00,Environmental
33.59,81.06,49.38,151.5,2/28/2023 11:00,Environmental
34.98,54.06,56.06,273.27,2/28/2023 12:00,No_Threat
26.22,70.42,36.06,207.1,2/28/2023 13:00,No_Threat
22.89,45.6,48.91,283.43,2/28/2023 14:00,Environmental
37.51,73.59,69.78,244.57,2/28/2023 15:00,Predator
28.39,71.76,81.41,158.84,2/28/2023 16:00,Predator
28.75,36.95,53.71,291.23,2/28/2023 17:00,Wax_Moth
36.64,47.57,71.35,297.56,2/28/2023 18:00,Predator
32.78,60.75,31.29,264.11,2/28/2023 19:00,Wax_Moth
32.28,60.49,69.89,181.92,2/28/2023 20:00,Wax_Moth
40.83,46.86,47.94,204.7,2/28/2023 21:00,Wax_Moth
26.78,70.83,64.61,227.27,2/28/2023 22:00,Wax_Moth
34.64,68.77,56.28,184.81,2/28/2023 23:00,Environmental
30.29,62.09,79.81,304.62,3/1/2023 0:00,Wax_Moth
31.34,53.66,46.88,227.22,3/1/2023 1:00,No_Threat
37.64,80.73,69.41,84.83,3/1/2023 2:00,No_Threat
32.54,89.83,55.81,236.97,3/1/2023 3:00,No_Threat
32.69,57.75,57.63,202.59,3/1/2023 4:00,Wax_Moth
35.36,55.82,57.24,216.25,3/1/2023 5:00,No_Threat
28.18,72.37,47.31,201.57,3/1/2023 6:00,No_Threat
25.8,59.63,59.79,260.35,3/1/2023 7:00,Environmental
24.78,62.91,59.06,275.98,3/1/2023 8:00,Environmental
20.17,76.09,63.62,234.15,3/1/2023 9:00,Environmental
40.28,36.36,61.27,203.03,3/1/2023 10:00,Wax_Moth
24.48,84.77,71.97,217.93,3/1/2023 11:00,Predator
28.89,66.09,73.85,220.98,3/1/2023 12:00,Predator
28.62,58.83,44.24,179.88,3/1/2023 13:00,Predator
31.54,63.66,73.03,248.95,3/1/2023 14:00,Environmental
34.08,64.44,42.2,243,3/1/2023 15:00,No_Threat
34.3,39.03,68.82,297.02,3/1/2023 16:00,Predator
27.08,87.42,69.3,282.77,3/1/2023 17:00,No_Threat
29.16,65.62,31.33,185.72,3/1/2023 18:00,No_Threat
31.41,71.65,61.39,261.01,3/1/2023 19:00,Wax_Moth
28.76,79.27,52.97,172.45,3/1/2023 20:00,No_Threat
38.04,49.68,48.62,254.8,3/1/2023 21:00,Predator
32.45,72.1,80.26,194.17,3/1/2023 22:00,Wax_Moth
33.67,60.99,50.19,168.84,3/1/2023 23:00,Wax_Moth
33.31,77.7,47.9,234,3/2/2023 0:00,Environmental
35.87,33.09,61.14,86.27,3/2/2023 1:00,Wax_Moth
30.91,63.51,70.28,132.45,3/2/2023 2:00,No_Threat
23.52,55.96,57.88,211.13,3/2/2023 3:00,Environmental
32,71.48,77.5,224.12,3/2/2023 4:00,Environmental
26.74,72.05,67.96,201.53,3/2/2023 5:00,Wax_Moth
27.36,54.39,27.33,141.03,3/2/2023 6:00,Environmental
32.93,54.32,52.06,179.11,3/2/2023 7:00,No_Threat
36.19,63.34,51.57,239.56,3/2/2023 8:00,No_Threat
30.11,51.55,67.19,249.09,3/2/2023 9:00,No_Threat
31.54,77.63,20.63,219.19,3/2/2023 10:00,Wax_Moth
38.51,59.46,98.24,277.84,3/2/2023 11:00,Predator
31.2,21.4,67.97,239.87,3/2/2023 12:00,Predator
43.01,59.38,62.23,182.63,3/2/2023 13:00,Wax_Moth
32.83,49.42,77.72,205.97,3/2/2023 14:00,Wax_Moth
21.2,40.53,95.15,149.86,3/2/2023 15:00,Environmental
33.77,46.44,73.06,214.59,3/2/2023 16:00,No_Threat
31.91,66.64,74.23,275.61,3/2/2023 17:00,No_Threat
36.45,84.93,61.96,254.26,3/2/2023 18:00,Predator
33.37,69.7,57.88,290.1,3/2/2023 19:00,Environmental
29.31,55.9,52.86,204.86,3/2/2023 20:00,Predator
23.88,71.84,47.61,287.3,3/2/2023 21:00,No_Threat
28.95,58.11,49.69,210.33,3/2/2023 22:00,Environmental
25.75,54.58,39.74,293.58,3/2/2023 23:00,No_Threat
27.1,47.68,58.86,218.91,3/3/2023 0:00,No_Threat
32.94,38.72,34.73,255.36,3/3/2023 1:00,Wax_Moth
38.35,59.15,62.86,293.76,3/3/2023 2:00,No_Threat
31.97,67.37,59.46,210.33,3/3/2023 3:00,No_Threat
24.02,63.55,62.2,230.92,3/3/2023 4:00,No_Threat
32.22,58.76,52.17,284.44,3/3/2023 5:00,No_Threat
35.98,50.81,106.15,213.35,3/3/2023 6:00,Environmental
26.95,74.12,80.4,153.96,3/3/2023 7:00,Wax_Moth
29.33,45.24,41.33,327.15,3/3/2023 8:00,No_Threat
30.07,76.64,63.49,196.51,3/3/2023 9:00,No_Threat
26.08,49.97,50.88,227.94,3/3/2023 10:00,No_Threat
33.24,53.71,44.78,277.8,3/3/2023 11:00,Environmental
29.4,43,39.9,189.58,3/3/2023 12:00,No_Threat
32.1,57.48,66.48,169.61,3/3/2023 13:00,Environmental
25.56,79.63,49.78,232.69,3/3/2023 14:00,No_Threat
27.81,72.73,74.52,130.35,3/3/2023 15:00,No_Threat
33.61,79.68,74.91,205.6,3/3/2023 16:00,Predator
28.14,72.83,80.61,232.25,3/3/2023 17:00,Environmental
38.63,48.44,47.21,206.5,3/3/2023 18:00,No_Threat
28,60.04,67.13,142.83,3/3/2023 19:00,Predator
31.12,53.3,69.49,299.71,3/3/2023 20:00,Wax_Moth
34.66,84.96,52.89,225.18,3/3/2023 21:00,Predator
22.91,47.05,48.42,291.56,3/3/2023 22:00,Environmental
21.2,78.41,84.14,207,3/3/2023 23:00,Environmental
22.37,78.39,63.41,176,3/4/2023 0:00,Predator
36.31,92.44,69.54,233.46,3/4/2023 1:00,No_Threat
27.24,58.85,47.67,209.21,3/4/2023 2:00,Environmental
42.79,75.68,41.71,161.11,3/4/2023 3:00,Wax_Moth
27.18,99.22,51.46,293.49,3/4/2023 4:00,No_Threat
30.92,55.74,58.14,188.89,3/4/2023 5:00,No_Threat
37.71,41.97,44.04,127.99,3/4/2023 6:00,No_Threat
40.03,36.8,59.85,286.41,3/4/2023 7:00,Environmental
40.31,75.69,34.67,194.79,3/4/2023 8:00,Wax_Moth
36.04,36.75,43.2,189.61,3/4/2023 9:00,Wax_Moth
35.12,59.42,70.06,131.73,3/4/2023 10:00,No_Threat
32.96,71.56,69.06,307.05,3/4/2023 11:00,Wax_Moth
33.89,67.78,54.12,155.53,3/4/2023 12:00,Predator
27.24,71.38,44.73,222.92,3/4/2023 13:00,Wax_Moth
25.91,68.33,44.59,265.63,3/4/2023 14:00,Environmental
29.98,84.18,54.4,241.09,3/4/2023 15:00,Environmental
29.15,50.72,69.67,217.02,3/4/2023 16:00,Environmental
27.73,54.85,73.92,134.92,3/4/2023 17:00,Wax_Moth
33.48,53.41,52.55,179.51,3/4/2023 18:00,Predator
34.78,77.45,42.7,229.39,3/4/2023 19:00,Wax_Moth
30.44,78.51,64.02,180.64,3/4/2023 20:00,Predator
37.39,71.77,47.65,230.17,3/4/2023 21:00,No_Threat
24.29,82.75,52.23,254.09,3/4/2023 22:00,No_Threat
29.03,47.33,79.88,268.13,3/4/2023 23:00,No_Threat
26.42,90.01,72.41,158.69,3/5/2023 0:00,Environmental
20.67,87.85,62.37,329.83,3/5/2023 1:00,Wax_Moth
29.59,76.03,40.92,258.37,3/5/2023 2:00,No_Threat
29.39,91.73,63.17,219.91,3/5/2023 3:00,No_Threat
37.57,40.15,75.94,274.48,3/5/2023 4:00,Predator
33.15,57.13,54.37,338.27,3/5/2023 5:00,Predator
24.88,53.97,80.27,148.06,3/5/2023 6:00,Wax_Moth
39.27,75.82,79.39,208.74,3/5/2023 7:00,Environmental
36.11,49.25,84.96,101.08,3/5/2023 8:00,Wax_Moth
32.91,76.36,64.58,229.63,3/5/2023 9:00,Wax_Moth
28.87,85.56,68.81,238.27,3/5/2023 10:00,Predator
25.2,75.43,81.21,218.04,3/5/2023 11:00,No_Threat
28.14,69.26,66.71,187.27,3/5/2023 12:00,Wax_Moth
35.44,50.18,52.48,117.52,3/5/2023 13:00,No_Threat
39.42,52.3,53.27,238.68,3/5/2023 14:00,Wax_Moth
37.72,83.74,63.58,292.77,3/5/2023 15:00,Wax_Moth
27.56,76.69,40.64,190.45,3/5/2023 16:00,Wax_Moth
24.4,64.41,57.85,242,3/5/2023 17:00,No_Threat
30.7,58.73,76.45,141.59,3/5/2023 18:00,Wax_Moth
21.16,34.61,27.13,242.86,3/5/2023 19:00,No_Threat
31.62,48.94,83.02,200.33,3/5/2023 20:00,No_Threat
29.26,93.67,76.84,181.88,3/5/2023 21:00,No_Threat
27.67,45.79,53.1,181.98,3/5/2023 22:00,Environmental
22.03,67.84,68.15,200.32,3/5/2023 23:00,Wax_Moth
32.57,80.11,60.05,239.12,3/6/2023 0:00,Environmental
27.34,46.18,78.45,154.39,3/6/2023 1:00,Environmental
24.15,67.77,74.74,200.14,3/6/2023 2:00,Environmental
15.64,79.07,39,217.93,3/6/2023 3:00,Wax_Moth
29.86,65.19,68.81,165.05,3/6/2023 4:00,Wax_Moth
38.86,100,56.92,309.83,3/6/2023 5:00,Wax_Moth
38.31,39.97,61.24,177.33,3/6/2023 6:00,Environmental
27.71,80.88,49.08,186.53,3/6/2023 7:00,Wax_Moth
26.99,62.41,86.22,171.08,3/6/2023 8:00,Predator
32.34,76.58,75.6,309.92,3/6/2023 9:00,Predator
25.01,71.62,48.9,247.65,3/6/2023 10:00,No_Threat
31.51,54,39.98,173.17,3/6/2023 11:00,No_Threat
33.83,68.43,54.21,275.31,3/6/2023 12:00,Environmental
36.13,37.13,66.52,230.03,3/6/2023 13:00,No_Threat
29.5,74.05,63.6,232.86,3/6/2023 14:00,No_Threat
28.98,69.47,78.8,202.78,3/6/2023 15:00,Predator
25.61,74.58,71.85,182.53,3/6/2023 16:00,No_Threat
25.87,80.87,74.54,236.89,3/6/2023 17:00,Predator
28.87,70.51,64.9,192.75,3/6/2023 18:00,Environmental
31.84,67.22,39.16,310.84,3/6/2023 19:00,Environmental
34.57,51.78,57.06,156.54,3/6/2023 20:00,No_Threat
25.98,54.32,75.9,296.81,3/6/2023 21:00,No_Threat
37.46,82.8,59.23,214.43,3/6/2023 22:00,Wax_Moth
28.64,86.55,67.55,234.95,3/6/2023 23:00,No_Threat
29.89,61.43,55.22,261.66,3/7/2023 0:00,No_Threat
26.26,65.69,44.55,188.49,3/7/2023 1:00,No_Threat
17.88,51.43,58.15,263.21,3/7/2023 2:00,No_Threat
34.42,82.59,64.64,84.62,3/7/2023 3:00,No_Threat
33.68,74.98,50.16,184,3/7/2023 4:00,Environmental
28.59,94.12,56.46,173.8,3/7/2023 5:00,No_Threat
30.33,51.83,45.91,157.32,3/7/2023 6:00,No_Threat
32.58,59.33,76.79,209.25,3/7/2023 7:00,Environmental
22.19,68.47,55.58,239.29,3/7/2023 8:00,Predator
27.35,74.7,81.79,255.13,3/7/2023 9:00,No_Threat
33.97,61.76,82.93,232.04,3/7/2023 10:00,No_Threat
23.73,51.91,58.78,186.72,3/7/2023 11:00,Wax_Moth
31.47,78.22,44.87,238.45,3/7/2023 12:00,Predator
23.22,75.82,28.71,226.21,3/7/2023 13:00,Environmental
32.33,51.26,37.92,266.8,3/7/2023 14:00,Environmental
29.82,85.33,39.39,258.85,3/7/2023 15:00,No_Threat
21.92,82.55,80.68,221.52,3/7/2023 16:00,Wax_Moth
35.82,67.01,61.74,175.14,3/7/2023 17:00,No_Threat
26.33,66.19,65.84,187.35,3/7/2023 18:00,Environmental
25.95,73.31,26.69,192.51,3/7/2023 19:00,Environmental
31,52.07,42.03,204.24,3/7/2023 20:00,Predator
35.74,65.45,73.31,233.4,3/7/2023 21:00,No_Threat
24.92,32.71,64.3,255.76,3/7/2023 22:00,No_Threat
30.31,78.15,57.79,217.44,3/7/2023 23:00,Wax_Moth
32.14,41.58,68.47,220.81,3/8/2023 0:00,Environmental
33.47,87.55,84.54,227.17,3/8/2023 1:00,Environmental
30.88,60.05,56.68,194.2,3/8/2023 2:00,No_Threat
28.16,61.82,61.04,173.73,3/8/2023 3:00,No_Threat
25.86,55.58,62.89,132.23,3/8/2023 4:00,Wax_Moth
30.43,60.68,95.88,185.24,3/8/2023 5:00,No_Threat
24.64,86.28,28.51,243.66,3/8/2023 6:00,Predator
15.39,27.68,70.25,184.85,3/8/2023 7:00,Wax_Moth
32.18,84.15,58.28,208.11,3/8/2023 8:00,Environmental
34.52,70.07,68.5,243.32,3/8/2023 9:00,Wax_Moth
18.19,46.89,50.14,246.03,3/8/2023 10:00,Environmental
24.95,48.87,59.27,166.02,3/8/2023 11:00,No_Threat
33.1,90.15,70.67,269.85,3/8/2023 12:00,Predator
40.29,50.82,106.69,276.37,3/8/2023 13:00,No_Threat
30.1,47.7,72.12,163.51,3/8/2023 14:00,Wax_Moth
26.36,82.06,47.28,178.81,3/8/2023 15:00,No_Threat
29.09,70.08,53.64,279.55,3/8/2023 16:00,Wax_Moth
36.87,50.93,53.2,212.66,3/8/2023 17:00,No_Threat
26.77,68.25,33.07,109.01,3/8/2023 18:00,No_Threat
26,49.61,55.05,150.02,3/8/2023 19:00,Predator
27.59,81.51,70.99,207.53,3/8/2023 20:00,No_Threat
25.23,80.92,40.89,161.85,3/8/2023 21:00,Environmental
30.61,72.98,75.73,199.33,3/8/2023 22:00,Predator
38.12,70.42,67.32,221.62,3/8/2023 23:00,No_Threat
31.62,91.42,48.99,293.11,3/9/2023 0:00,Environmental
28.74,65,57.88,205.48,3/9/2023 1:00,No_Threat
28.54,47.27,83.97,273.63,3/9/2023 2:00,No_Threat
22.18,71.74,71,291.44,3/9/2023 3:00,Wax_Moth
34.42,96.29,60.13,291.72,3/9/2023 4:00,Predator
29.61,49.78,56.43,234.24,3/9/2023 5:00,No_Threat
29.1,59.58,61.15,121.84,3/9/2023 6:00,Wax_Moth
45.97,71.25,52.32,243.04,3/9/2023 7:00,Wax_Moth
31.49,64.19,28.43,272.42,3/9/2023 8:00,Predator
26.24,50.27,90.63,215.95,3/9/2023 9:00,No_Threat
27.87,81.83,62.33,307.23,3/9/2023 10:00,Environmental
35.74,99.8,65.97,262.99,3/9/2023 11:00,Environmental
30.57,67.94,59.13,248.41,3/9/2023 12:00,Environmental
22.81,51.44,48.97,274.32,3/9/2023 13:00,Predator
34.6,41.77,57.21,236.67,3/9/2023 14:00,Predator
26.66,68.87,36.01,95.36,3/9/2023 15:00,No_Threat
39.37,81.56,94.16,195.04,3/9/2023 16:00,Wax_Moth
35.4,72.13,41.48,279.86,3/9/2023 17:00,Wax_Moth
27.76,64.96,44.52,179.62,3/9/2023 18:00,No_Threat
36.41,56.16,53.4,208.83,3/9/2023 19:00,Wax_Moth
30.34,48.62,79.32,167.76,3/9/2023 20:00,Wax_Moth
34.26,77.52,60.22,309.2,3/9/2023 21:00,Wax_Moth
32.42,78.71,41.46,304.07,3/9/2023 22:00,Predator
25.77,41.81,78.82,175.81,3/9/2023 23:00,No_Threat
26.78,88.85,70.97,227.36,3/10/2023 0:00,Predator
35.15,73.61,68.08,185.98,3/10/2023 1:00,Wax_Moth
28.33,85.99,70.74,250.75,3/10/2023 2:00,Environmental
27.98,44.87,95.92,245.48,3/10/2023 3:00,Predator
25.22,44.51,92.78,260.59,3/10/2023 4:00,Wax_Moth
32.12,62.77,49.7,236.6,3/10/2023 5:00,Wax_Moth
40.31,72.54,84.36,366.77,3/10/2023 6:00,Wax_Moth
24.66,91.95,65.75,168.6,3/10/2023 7:00,Wax_Moth
30.12,75.59,67.49,134.47,3/10/2023 8:00,Predator
37.06,61.36,34.62,200.35,3/10/2023 9:00,Predator
29.6,49.6,57.44,141.6,3/10/2023 10:00,No_Threat
32.26,83.45,47.81,145.38,3/10/2023 11:00,No_Threat
24.69,50.53,72.42,169.93,3/10/2023 12:00,Wax_Moth
32.14,89.43,76.07,173.89,3/10/2023 13:00,No_Threat
29.06,60.73,28.88,172.27,3/10/2023 14:00,Environmental
34.93,88.86,59.67,245.91,3/10/2023 15:00,No_Threat
35.94,75.18,76.83,194.69,3/10/2023 16:00,Wax_Moth
42.95,62.95,57.2,211.02,3/10/2023 17:00,No_Threat
32.9,57.21,70.94,264.71,3/10/2023 18:00,No_Threat
31.63,59.89,65.27,181.68,3/10/2023 19:00,Environmental
30.97,71.42,65.12,206.77,3/10/2023 20:00,Wax_Moth
28.23,66.16,55.93,238.29,3/10/2023 21:00,Predator
31.69,56.09,41.75,122.92,3/10/2023 22:00,Predator
28.52,62.52,43.18,100.75,3/10/2023 23:00,Wax_Moth
30.84,66.18,70.64,237.31,3/11/2023 0:00,No_Threat
36.59,33.07,60.29,244.6,3/11/2023 1:00,Predator
24.97,71.87,57.92,323.21,3/11/2023 2:00,Predator
35.7,50.3,53.64,227.9,3/11/2023 3:00,Predator
36.59,47.7,55.42,260.99,3/11/2023 4:00,No_Threat
29.41,39.69,75.7,210.23,3/11/2023 5:00,Predator
19.39,38.09,54.97,234.86,3/11/2023 6:00,No_Threat
26.96,44.67,39.88,303.36,3/11/2023 7:00,Environmental
36.48,54.36,71.15,113.8,3/11/2023 8:00,Predator
29.89,94.3,56.93,240.68,3/11/2023 9:00,No_Threat
25,57.11,60.47,326.78,3/11/2023 10:00,Predator
27.48,67.67,84.11,234.1,3/11/2023 11:00,No_Threat
34.2,71.01,59.69,302.53,3/11/2023 12:00,Predator
32.73,66.97,64.34,188.54,3/11/2023 13:00,No_Threat
28.81,63.84,42.32,218.4,3/11/2023 14:00,Predator
28.17,47.07,56.7,221.68,3/11/2023 15:00,No_Threat
28.04,86.76,69.14,109.12,3/11/2023 16:00,Environmental
25.39,92.11,36.67,161.59,3/11/2023 17:00,Wax_Moth
38.08,39.76,63.01,165.16,3/11/2023 18:00,Wax_Moth
28.39,49.64,61.51,261.1,3/11/2023 19:00,No_Threat
36.09,60.8,60.62,263.61,3/11/2023 20:00,Environmental
37.61,50.53,75.56,236.2,3/11/2023 21:00,No_Threat
34.99,72.59,65.02,261.21,3/11/2023 22:00,Wax_Moth
27.84,54.08,82.17,211.79,3/11/2023 23:00,No_Threat
32.02,97.48,45.1,280.1,3/12/2023 0:00,Predator
29.88,82.86,62.04,220.44,3/12/2023 1:00,No_Threat
25.48,68.19,61.27,222.89,3/12/2023 2:00,No_Threat
31.62,80.4,43.96,206.72,3/12/2023 3:00,No_Threat
24.1,81.59,74.34,254.22,3/12/2023 4:00,Wax_Moth
35.94,56.54,94.87,198.94,3/12/2023 5:00,No_Threat
27.68,52.76,59.74,268.82,3/12/2023 6:00,Wax_Moth
31.01,66.17,67.58,163.39,3/12/2023 7:00,Predator
31.42,77.92,61.27,165.05,3/12/2023 8:00,Environmental
28.71,67.09,49.3,254.37,3/12/2023 9:00,Wax_Moth
32.93,41.35,32.69,215.57,3/12/2023 10:00,No_Threat
27.63,52.96,49.41,197.31,3/12/2023 11:00,Environmental
34.36,63.89,39.12,264.5,3/12/2023 12:00,No_Threat
23.27,63.87,85.56,189.64,3/12/2023 13:00,Environmental
30.63,94.59,58.27,209.99,3/12/2023 14:00,No_Threat
39.69,44.21,54.81,289.96,3/12/2023 15:00,Wax_Moth
25,72.58,73.34,296.96,3/12/2023 16:00,Wax_Moth
26.61,87.34,43.17,298.62,3/12/2023 17:00,Predator
32.57,99.07,48.5,205.89,3/12/2023 18:00,No_Threat
30.9,58.93,61.02,281.54,3/12/2023 19:00,Wax_Moth
